horizon,strategy,label,family,n_paths,usable_blocks,median_sharpe,q1_sharpe,q3_sharpe,iqr_spread,frac_paths_positive,median_path_return,total_trades,insufficient,reason
short,buy_and_hold,buy_and_hold,baseline,28,8,-1.455508986618464,-2.0232133691733534,0.1307572116114881,2.1539705807848413,0.2857142857142857,-0.22941990259111267,16,False,
short,ma_crossover,ma_crossover_12_48,trend,21,7,-2.384863013543206,-4.221202909321329,-0.8948310440056059,3.3263718653157235,0.09523809523809523,-0.23471738335897074,204,False,
short,macd,macd_6_13_5,trend,21,7,-3.0830512202691067,-4.204296642228211,-1.9814958793858848,2.2228007628423265,0.0,-0.3343304329220329,1156,False,
short,ts_momentum,ts_momentum_24,momentum,21,7,-2.5644161980049804,-4.0396995492268015,-2.02205511819407,2.0176444310327315,0.0,-0.24194381796978937,716,False,
short,sma_regime,sma_regime_168,regime-filter,21,7,-2.2816780017762817,-2.5075446407640563,-1.229642099159058,1.2779025416049983,0.047619047619047616,-0.19897464306570278,292,False,
short,breakout,breakout_12_6,breakout,21,7,-1.9053920458208842,-3.355824191501418,-0.5468616463183403,2.8089625451830775,0.14285714285714285,-0.16877266339375152,350,False,
short,bb_breakout,bb_breakout_20_2,breakout,21,7,-1.4874651926583589,-2.984803442957805,0.12891762132210033,3.1137210642799054,0.2857142857142857,-0.11508028096081979,270,False,
short,keltner,keltner_12_7_2,breakout,21,7,-0.9613454889290572,-1.7989661573518279,0.6781164179402095,2.4770825752920373,0.2857142857142857,-0.04875496394183376,88,False,
short,rsi,rsi_7_30_55,oscillator-reversion,21,7,-1.7225129793226104,-2.1104681227780917,-1.058819189900933,1.0516489328771588,0.14285714285714285,-0.19799660409650632,328,False,
short,stochastic,stoch_14_3,oscillator-reversion,21,7,-0.34132946506111556,-1.541970880349515,0.575144790040939,2.117115670390454,0.38095238095238093,-0.05176315822374267,240,False,
short,bb_reversion,bb_reversion_20_2,mean-reversion,21,7,-1.3156091611630525,-1.8609826156653801,-0.4645396215985841,1.396442994066796,0.14285714285714285,-0.15392327999379074,308,False,
short,zscore,zscore_20_-2,mean-reversion,21,7,-1.151777891329087,-1.9805834558851725,-0.7677901921791456,1.2127932637060268,0.19047619047619047,-0.12519214811337653,294,False,
short,vwap_reversion,vwap_reversion_20_0.01,mean-reversion,21,7,-2.1888621084661355,-2.5385386674281505,-1.7025996118381876,0.8359390555899628,0.0,-0.24299923750046482,398,False,
short,grid,grid_48_4_0.03,mean-reversion,21,7,-2.0218645600078777,-2.285046743169952,-1.553921113428797,0.7311256297411552,0.0,-0.12432991057769471,4304,False,
short,obv_trend,obv_trend_24,volume-flow,21,7,-1.580413809559001,-2.454795929959147,-0.7864169041853036,1.6683790257738433,0.23809523809523808,-0.17957247216707395,852,False,
short,voltarget,voltarget_168_24_0.8,risk-overlay,21,7,-2.2816780017762817,-2.5075446407640563,-1.229642099159058,1.2779025416049983,0.047619047619047616,-0.19897464306570278,292,False,
short,dual_momentum,dual_momentum_24_2,momentum,21,7,-4.632749667659762,-5.779686035188109,-3.6852136094913024,2.094472425696807,0.0,-0.3921347002213126,728,False,
short,adx_trend,adx_trend_7_25,regime-filter,21,7,-3.7362128925524742,-4.901665120973014,-2.405339784535368,2.4963253364376463,0.047619047619047616,-0.2742261207677993,680,False,
short,ma_ribbon,ma_ribbon_5x6,trend,21,7,-2.7670689669994313,-3.982472228257833,-1.2553073966583579,2.727164831599475,0.047619047619047616,-0.19519716929949982,4572,False,
short,ichimoku,ichimoku_9_26_52,trend,21,7,-1.8768241588899766,-2.8669804479388517,-1.692772545585677,1.1742079023531746,0.0,-0.1862873018175688,392,False,
short,ou_reversion,ou_reversion_250_2.5,mean-reversion,21,7,-0.5949070436498937,-1.2959984763082242,0.03733028987900645,1.3333287661872306,0.3333333333333333,-0.034136637630604705,196,False,
short,hurst_switch,hurst_switch_250_0.55_0.45,regime-filter,21,7,-3.122626538340199,-3.8782526125638457,-1.7716426148651832,2.1066099976986625,0.14285714285714285,-0.12770814710463674,170,False,
short,vol_regime,vol_regime_24_0.5,regime-filter,21,7,-1.0480333942321125,-1.8037310956634105,-0.12722425487423622,1.6765068407891743,0.19047619047619047,-0.0881366590201198,290,False,
short,atr_sized,atr_sized_7_0.01,risk-overlay,21,7,-2.5482818904570674,-3.399341712085244,-1.101381057731779,2.2979606543534645,0.047619047619047616,-0.1244614666262982,3191,False,
short,garch_voltarget,garch_voltarget_0.94_0.8,risk-overlay,21,7,-2.2816780017762817,-2.5075446407640563,-1.229642099159058,1.2779025416049983,0.047619047619047616,-0.19897464306570278,292,False,
medium,buy_and_hold,buy_and_hold,baseline,28,8,0.53383105432224,-0.09497628957104505,1.3388722995466442,1.4338485891176893,0.6785714285714286,0.09389190960717592,16,False,
medium,ma_crossover,ma_crossover_20_50,trend,21,7,-0.3338083591464246,-0.8060242428728898,1.380390212793307,2.186414455666197,0.38095238095238093,-0.31701961464419204,38,False,
medium,macd,macd_12_26_9,trend,21,7,0.32063561817327296,-0.2558586121179884,1.0208734296149156,1.276732041732904,0.6666666666666666,0.03787374178117764,118,False,
medium,ts_momentum,ts_momentum_60,momentum,21,7,0.024999413506447778,-0.4634220743523097,1.2887610289967053,1.752183103349015,0.5238095238095238,-0.19435681551493011,142,False,
medium,sma_regime,sma_regime_100,regime-filter,21,7,-0.06562638110519782,-0.6284414003069787,0.8938477293503029,1.5222891296572816,0.47619047619047616,-0.16353366660861568,96,False,
medium,breakout,breakout_20_10,breakout,21,7,0.07815893865840046,-0.37237012412348314,1.5386741286711223,1.9110442527946054,0.5238095238095238,-0.06376972518584112,52,False,
medium,bb_breakout,bb_breakout_20_2,breakout,21,7,0.4812586198405186,-0.06788882901486873,1.6257205003939106,1.6936093294087793,0.6666666666666666,0.1589219592080673,58,False,
medium,keltner,keltner_20_14_2,breakout,21,7,0.21341015660241713,0.008155033987530461,1.6642117189410512,1.6560566849535208,0.7619047619047619,0.02178617073942557,38,False,
medium,rsi,rsi_14_30_50,oscillator-reversion,21,7,0.2382302904053016,-0.14691694200918365,0.5171646889847825,0.6640816309939661,0.7142857142857143,-0.0003338789576315948,18,False,
medium,stochastic,stoch_14_3,oscillator-reversion,21,7,-0.04337882564273385,-0.38827248660839286,0.7870267319838404,1.1752992185922333,0.47619047619047616,-0.13263383716830746,56,False,
medium,bb_reversion,bb_reversion_20_2,mean-reversion,21,7,-0.11393416248510864,-0.6312055886138834,0.27889336596424497,0.9100989545781284,0.42857142857142855,-0.19079422653504718,50,False,
medium,zscore,zscore_20_-2,mean-reversion,21,7,0.03626502465125298,-0.5389148573332941,0.424993171553525,0.9639080288868191,0.5238095238095238,-0.10027369490461724,50,False,
medium,vwap_reversion,vwap_reversion_20_0.02,mean-reversion,21,7,-0.26507829591536625,-0.3623809409686341,0.2248181142423193,0.5871990552109534,0.2857142857142857,-0.3837037208595435,152,False,
medium,grid,grid_50_4_0.05,mean-reversion,21,7,-0.15211290512723388,-0.3278043428518474,0.04132558866331898,0.3691299315151664,0.2857142857142857,-0.16712914208322327,599,False,
medium,obv_trend,obv_trend_20,volume-flow,21,7,0.18858232510559558,-0.474890476090869,1.0610573975463833,1.5359478736372523,0.6666666666666666,-0.09814695172443,220,False,
medium,voltarget,voltarget_100_20_0.6,risk-overlay,21,7,-0.021491765791798692,-0.536719281184786,0.6168103592864574,1.1535296404712434,0.38095238095238093,-0.1468985450380944,645,False,
medium,dual_momentum,dual_momentum_12_1,momentum,21,7,-0.3191276720297687,-0.753421447265189,0.7059942717931464,1.4594157190583354,0.42857142857142855,-0.3717536896050968,212,False,
medium,adx_trend,adx_trend_14_25,regime-filter,21,7,0.33589376000232496,-0.6033009187638161,1.7649010673919145,2.3682019861557304,0.7142857142857143,0.06976696834375695,44,False,
medium,ma_ribbon,ma_ribbon_5x10,trend,21,7,-0.33568516321049335,-0.6540904100431342,1.3028846857679184,1.9569750958110526,0.42857142857142855,-0.2900253325421135,965,False,
medium,ichimoku,ichimoku_9_26_52,trend,21,7,0.023188549805589462,-0.3787879297929782,1.6758451683740119,2.05463309816699,0.5714285714285714,-0.10890350303863727,82,False,
medium,ou_reversion,ou_reversion_250_2.5,mean-reversion,15,6,0.41221928193797036,0.21272115612945408,1.0031304151860512,0.7904092590565971,0.9333333333333333,0.104521013212312,26,False,
medium,hurst_switch,hurst_switch_250_0.55_0.45,regime-filter,15,6,0.6988538792467518,0.6087740232696004,1.7759523027687751,1.1671782794991747,0.9333333333333333,0.16730644158508312,24,False,
medium,vol_regime,vol_regime_20_0.5,regime-filter,15,6,-0.17172739474568682,-0.6833342887093492,0.07520970510009281,0.758543993809442,0.4,-0.18716130638841133,94,False,
medium,atr_sized,atr_sized_14_0.01,risk-overlay,21,7,-0.038009389354608174,-0.5733124623185046,0.715865825582343,1.2891782879008478,0.47619047619047616,-0.0025028163801267267,743,False,
medium,garch_voltarget,garch_voltarget_0.94_0.6,risk-overlay,21,7,-0.028338234102461814,-0.5666316581802053,0.6401856588046181,1.2068173169848233,0.47619047619047616,-0.12157015954106765,711,False,
long,buy_and_hold,buy_and_hold,baseline,28,8,0.53383105432224,-0.09497628957104505,1.3388722995466442,1.4338485891176893,0.6785714285714286,0.09389190960717592,16,False,
long,ma_crossover,ma_crossover_50_200,trend,21,7,0.28993439019525385,-0.3722985716570189,0.7901085811487919,1.1624071528058109,0.5238095238095238,0.0,16,False,
long,macd,macd_26_52_18,trend,21,7,0.5166178090401649,0.09174587377517571,1.2336209762470642,1.1418751024718885,0.7619047619047619,0.16067826121297402,50,False,
long,ts_momentum,ts_momentum_200,momentum,21,7,0.199616111874506,-0.8167104561062521,1.5242452490163056,2.340955705122558,0.5238095238095238,-0.1272351647879355,54,False,
long,sma_regime,sma_regime_200,regime-filter,21,7,0.2535652074541983,0.0,1.6200723618430983,1.6200723618430983,0.7142857142857143,-0.02172455369119175,44,False,
long,breakout,breakout_60_30,breakout,21,7,0.14042641075584708,-0.285070331254217,1.3906462612804558,1.6757165925346729,0.6190476190476191,-0.06588539148643247,18,False,
long,bb_breakout,bb_breakout_60_2,breakout,21,7,-0.34861383793007833,-0.6156308626532844,1.2894915584118973,1.9051224210651818,0.42857142857142855,-0.2707704135707414,32,False,
long,keltner,keltner_50_30_2,breakout,21,7,-0.15985634305479196,-0.7477542176909956,1.4550300607049125,2.202784278395908,0.38095238095238093,-0.17674402553251756,34,False,
long,rsi,rsi_30_35_55,oscillator-reversion,21,7,0.5934893158650294,0.0,0.8954075695815996,0.8954075695815996,0.7142857142857143,0.20815476220052176,10,False,
long,stochastic,stoch_40_5,oscillator-reversion,21,7,0.3157061457043147,-0.1379558559164463,0.6140345581921591,0.7519904141086055,0.5714285714285714,0.06341289732338362,34,False,
long,bb_reversion,bb_reversion_60_2,mean-reversion,21,7,0.1198036403097869,0.03090048199673458,0.25300581062648897,0.22210532862975438,0.7619047619047619,-0.059953330810469274,24,False,
long,zscore,zscore_60_-2,mean-reversion,21,7,0.1198036403097869,0.03090048199673458,0.25300581062648897,0.22210532862975438,0.7619047619047619,-0.059953330810469274,24,False,
long,vwap_reversion,vwap_reversion_60_0.05,mean-reversion,21,7,-0.16156950472281073,-0.37483951356324224,0.045640666520375066,0.4204801800836173,0.2857142857142857,-0.3147455253343401,54,False,
long,grid,grid_120_4_0.1,mean-reversion,21,7,0.09517336776411978,-0.42157294724612654,0.44724726891877253,0.868820216164899,0.5238095238095238,-0.02323770487273369,675,False,
long,obv_trend,obv_trend_60,volume-flow,21,7,0.7740954549380439,0.0056143895121241495,1.5768800265698573,1.5712656370577331,0.8095238095238095,0.4461280818542501,98,False,
long,voltarget,voltarget_200_60_0.6,risk-overlay,21,7,0.2946964905553242,0.08444875857783596,1.6427979641038946,1.5583492055260586,0.7619047619047619,0.049847534976563246,661,False,
long,dual_momentum,dual_momentum_24_1,momentum,21,7,0.35838933031010595,-0.31940718765918336,1.3952129788940613,1.7146201665532446,0.5714285714285714,0.05495009021265296,156,False,
long,adx_trend,adx_trend_30_25,regime-filter,21,7,0.6507584349439356,-0.8795596639247716,1.4063610179058614,2.285920681830633,0.5714285714285714,0.2621737557471193,14,False,
long,ma_ribbon,ma_ribbon_5x20,trend,21,7,0.17147617920186625,-0.5139674210037838,0.804740556763146,1.31870797776693,0.5714285714285714,-0.025899008985042826,1030,False,
long,ichimoku,ichimoku_18_52_104,trend,21,7,0.24271818715531185,0.0,0.9502301064990099,0.9502301064990099,0.7142857142857143,0.024696956692999317,56,False,
long,ou_reversion,ou_reversion_250_3,mean-reversion,15,6,0.41221928193797036,0.004754338624861493,0.8107089866769355,0.805954648052074,0.7333333333333333,0.104521013212312,24,False,
long,hurst_switch,hurst_switch_250_0.55_0.45,regime-filter,15,6,0.5576851823269191,0.14282015677771548,1.6475585129817394,1.504738356204024,0.8,0.11328109639249728,32,False,
long,vol_regime,vol_regime_60_0.5,regime-filter,15,6,0.6963665172944979,0.1862500799514335,1.009212475621482,0.8229623956700485,0.8,0.36125889083979823,54,False,
long,atr_sized,atr_sized_30_0.01,risk-overlay,21,7,0.15602119797835798,-0.0751418167258868,1.6401577758797101,1.715299592605597,0.6666666666666666,0.007113168008560322,672,False,
long,garch_voltarget,garch_voltarget_0.97_0.6,risk-overlay,21,7,0.23917906643601014,0.03364484095741808,1.5913889824988543,1.5577441415414361,0.7619047619047619,0.023351306206540245,672,False,
