horizon,blocks,k,strategy,median_sharpe,frac_positive,trades
short,6,2,stochastic,-0.22159960262726422,0.4,228
short,7,2,stochastic,-1.0869252517733756,0.3333333333333333,236
short,8,2,stochastic,-0.34132946506111556,0.38095238095238093,240
short,9,2,stochastic,-0.3650402453236772,0.32142857142857145,238
short,10,2,stochastic,-0.4927407772961029,0.3333333333333333,238
short,11,2,stochastic,-1.0086240107483422,0.3111111111111111,240
short,12,2,stochastic,-0.4312890690779141,0.38181818181818183,242
short,6,2,ou_reversion,-0.35418886211681916,0.4,192
short,7,2,ou_reversion,-0.5540245247127581,0.4,192
short,8,2,ou_reversion,-0.5949070436498937,0.3333333333333333,196
short,9,2,ou_reversion,-0.8345378851020089,0.35714285714285715,196
short,10,2,ou_reversion,-1.1495167315271528,0.3333333333333333,196
short,11,2,ou_reversion,-1.4677274180965085,0.37777777777777777,200
short,12,2,ou_reversion,-0.5844005194218134,0.41818181818181815,204
short,6,2,buy_and_hold,-0.8495359707684201,0.26666666666666666,12
short,7,2,buy_and_hold,-1.2209854537353437,0.3333333333333333,14
short,8,2,buy_and_hold,-1.455508986618464,0.2857142857142857,16
short,9,2,buy_and_hold,-0.8425954114707203,0.3888888888888889,18
short,10,2,buy_and_hold,-0.9748449063389648,0.28888888888888886,20
short,11,2,buy_and_hold,-0.4693585170361828,0.36363636363636365,22
short,12,2,buy_and_hold,-0.939884740477382,0.3181818181818182,24
short,6,2,keltner,-0.7200328444985867,0.3,86
short,7,2,keltner,-1.3406531105021458,0.3333333333333333,88
short,8,2,keltner,-0.9613454889290572,0.2857142857142857,88
short,9,2,keltner,-0.42622759327269566,0.42857142857142855,92
short,10,2,keltner,-1.000154258930743,0.3055555555555556,94
short,11,2,keltner,-0.7783759086488671,0.3333333333333333,94
short,12,2,keltner,-1.2642802125282486,0.18181818181818182,94
short,6,2,vol_regime,-0.7084048609721183,0.2,266
short,7,2,vol_regime,-1.0381190809925533,0.06666666666666667,278
short,8,2,vol_regime,-1.0480333942321125,0.19047619047619047,290
short,9,2,vol_regime,-0.8952546628464693,0.21428571428571427,300
short,10,2,vol_regime,-1.1279568526147692,0.3055555555555556,312
short,11,2,vol_regime,-1.3642015256069295,0.3111111111111111,320
short,12,2,vol_regime,-1.3193888640968294,0.2545454545454545,328
short,6,2,bb_reversion,-1.1321826390493026,0.1,296
short,7,2,bb_reversion,-0.5650719023936531,0.3333333333333333,308
short,8,2,bb_reversion,-1.3156091611630525,0.14285714285714285,308
short,9,2,bb_reversion,-1.3534291795269806,0.2857142857142857,314
short,10,2,bb_reversion,-1.3892864945198942,0.2222222222222222,316
short,11,2,bb_reversion,-1.4107633361860508,0.24444444444444444,318
short,12,2,bb_reversion,-1.2807542697759426,0.2727272727272727,322
short,6,2,zscore,-1.2693170102462243,0.2,282
short,7,2,zscore,-0.5147851552271532,0.3333333333333333,294
short,8,2,zscore,-1.151777891329087,0.19047619047619047,294
short,9,2,zscore,-1.3190691293853383,0.25,300
short,10,2,zscore,-1.327219756832196,0.2222222222222222,300
short,11,2,zscore,-1.3875258645403883,0.28888888888888886,304
short,12,2,zscore,-1.4459281620548923,0.2727272727272727,308
short,6,2,bb_breakout,-1.0817602167562883,0.3,258
short,7,2,bb_breakout,-1.3295191614662947,0.06666666666666667,268
short,8,2,bb_breakout,-1.4874651926583589,0.2857142857142857,270
short,9,2,bb_breakout,-0.8692322175040507,0.25,280
short,10,2,bb_breakout,-1.294591224713445,0.3333333333333333,284
short,11,2,bb_breakout,-1.3677578883364097,0.3333333333333333,286
short,12,2,bb_breakout,-1.6030049735085743,0.4,284
short,6,2,obv_trend,-1.6432246628244884,0.0,814
short,7,2,obv_trend,-1.1569013627535034,0.06666666666666667,836
short,8,2,obv_trend,-1.580413809559001,0.23809523809523808,852
short,9,2,obv_trend,-1.4919090427834183,0.17857142857142858,870
short,10,2,obv_trend,-1.545947089710364,0.3611111111111111,876
short,11,2,obv_trend,-1.580045712322931,0.26666666666666666,892
short,12,2,obv_trend,-1.316463636660241,0.2545454545454545,900
short,6,2,rsi,-1.361798207286637,0.1,312
short,7,2,rsi,-1.6128616419050825,0.2,318
short,8,2,rsi,-1.7225129793226104,0.14285714285714285,328
short,9,2,rsi,-1.9505739293480362,0.21428571428571427,326
short,10,2,rsi,-1.6070295151951441,0.1111111111111111,332
short,11,2,rsi,-1.9744850177573434,0.2,334
short,12,2,rsi,-1.988189940931912,0.2545454545454545,342
short,6,2,breakout,-2.3596956893505094,0.0,332
short,7,2,breakout,-2.218104487260119,0.0,344
short,8,2,breakout,-1.9053920458208842,0.14285714285714285,350
short,9,2,breakout,-1.4353672033762797,0.14285714285714285,354
short,10,2,breakout,-1.8210186363582652,0.2777777777777778,362
short,11,2,breakout,-2.100336223283212,0.26666666666666666,368
short,12,2,breakout,-1.8425223987536703,0.14545454545454545,368
short,6,2,garch_voltarget,-1.9069323627671328,0.0,270
short,7,2,garch_voltarget,-1.909462534189891,0.0,284
short,8,2,garch_voltarget,-2.2816780017762817,0.047619047619047616,292
short,9,2,garch_voltarget,-1.7453440554031512,0.0,298
short,10,2,garch_voltarget,-1.6578158097007094,0.2222222222222222,296
short,11,2,garch_voltarget,-2.0201682139259867,0.15555555555555556,310
short,12,2,garch_voltarget,-2.1638708575087966,0.21818181818181817,320
short,6,2,sma_regime,-1.9069323627671328,0.0,270
short,7,2,sma_regime,-1.909462534189891,0.0,284
short,8,2,sma_regime,-2.2816780017762817,0.047619047619047616,292
short,9,2,sma_regime,-1.7453440554031512,0.0,298
short,10,2,sma_regime,-1.6578158097007094,0.2222222222222222,296
short,11,2,sma_regime,-2.0201682139259867,0.15555555555555556,310
short,12,2,sma_regime,-2.1638708575087966,0.21818181818181817,320
short,6,2,voltarget,-1.9069323627671328,0.0,270
short,7,2,voltarget,-1.909462534189891,0.0,284
short,8,2,voltarget,-2.2816780017762817,0.047619047619047616,292
short,9,2,voltarget,-1.7453440554031512,0.0,298
short,10,2,voltarget,-1.6578158097007094,0.2222222222222222,296
short,11,2,voltarget,-2.0201682139259867,0.15555555555555556,310
short,12,2,voltarget,-2.1638708575087966,0.21818181818181817,320
short,6,2,grid,-1.9745727230627281,0.0,4071
short,7,2,grid,-1.783853291953147,0.13333333333333333,4204
short,8,2,grid,-2.0218645600078777,0.0,4304
short,9,2,grid,-1.8161188731753453,0.14285714285714285,4336
short,10,2,grid,-2.003353153686818,0.08333333333333333,4351
short,11,2,grid,-1.600653950402206,0.13333333333333333,4415
short,12,2,grid,-1.9385852220983806,0.12727272727272726,4445
short,6,2,atr_sized,-2.017942853448344,0.0,3048
short,7,2,atr_sized,-1.6951327010844568,0.0,3105
short,8,2,atr_sized,-2.5482818904570674,0.047619047619047616,3191
short,9,2,atr_sized,-1.9885630875584028,0.0,3313
short,10,2,atr_sized,-1.8392999371979677,0.16666666666666666,3388
short,11,2,atr_sized,-1.636271071211936,0.1111111111111111,3435
short,12,2,atr_sized,-1.9819955757836905,0.21818181818181817,3470
short,6,2,ichimoku,-2.536217531970916,0.0,366
short,7,2,ichimoku,-2.4265508278235153,0.0,394
short,8,2,ichimoku,-1.8768241588899766,0.0,392
short,9,2,ichimoku,-2.0407990614760063,0.0,400
short,10,2,ichimoku,-2.0303130894087706,0.16666666666666666,402
short,11,2,ichimoku,-2.009029323828484,0.1111111111111111,404
short,12,2,ichimoku,-2.1682127345245585,0.16363636363636364,408
short,6,2,vwap_reversion,-1.958968323713826,0.0,382
short,7,2,vwap_reversion,-1.80371544502263,0.06666666666666667,390
short,8,2,vwap_reversion,-2.1888621084661355,0.0,398
short,9,2,vwap_reversion,-2.3099361321649,0.10714285714285714,402
short,10,2,vwap_reversion,-2.3157296183132026,0.1111111111111111,410
short,11,2,vwap_reversion,-2.55609847015903,0.15555555555555556,414
short,12,2,vwap_reversion,-2.336555779563844,0.10909090909090909,420
short,6,2,ma_crossover,-2.5636106563657943,0.0,192
short,7,2,ma_crossover,-2.6815923667207615,0.06666666666666667,200
short,8,2,ma_crossover,-2.384863013543206,0.09523809523809523,204
short,9,2,ma_crossover,-2.3628685148537003,0.0,210
short,10,2,ma_crossover,-1.835882850195405,0.19444444444444445,214
short,11,2,ma_crossover,-2.1629506712723976,0.2222222222222222,218
short,12,2,ma_crossover,-1.9752696320944456,0.18181818181818182,214
short,6,2,ts_momentum,-2.8423016968902433,0.0,686
short,7,2,ts_momentum,-2.6854631537961056,0.0,704
short,8,2,ts_momentum,-2.5644161980049804,0.0,716
short,9,2,ts_momentum,-2.4391156164657652,0.0,730
short,10,2,ts_momentum,-2.16085662413213,0.16666666666666666,734
short,11,2,ts_momentum,-2.6771805098559156,0.1111111111111111,742
short,12,2,ts_momentum,-2.8721429753662284,0.10909090909090909,746
short,6,2,ma_ribbon,-2.70948497491726,0.0,4351
short,7,2,ma_ribbon,-2.820427331776049,0.0,4482
short,8,2,ma_ribbon,-2.7670689669994313,0.047619047619047616,4572
short,9,2,ma_ribbon,-1.9507165666883561,0.0,4619
short,10,2,ma_ribbon,-2.1766349779881384,0.2222222222222222,4668
short,11,2,ma_ribbon,-2.7026496645981077,0.15555555555555556,4722
short,12,2,ma_ribbon,-2.2494129790795645,0.18181818181818182,4759
short,6,2,adx_trend,-3.5301937478819645,0.0,642
short,7,2,adx_trend,-3.410016841696009,0.0,666
short,8,2,adx_trend,-3.7362128925524742,0.047619047619047616,680
short,9,2,adx_trend,-2.9406118916807853,0.07142857142857142,692
short,10,2,adx_trend,-2.5944999571419807,0.08333333333333333,696
short,11,2,adx_trend,-2.6014564352764924,0.1111111111111111,696
short,12,2,adx_trend,-2.936352345191795,0.18181818181818182,704
short,6,2,macd,-2.547013002944046,0.0,1098
short,7,2,macd,-3.0037086997993074,0.0,1134
short,8,2,macd,-3.0830512202691067,0.0,1156
short,9,2,macd,-2.858844691963167,0.03571428571428571,1182
short,10,2,macd,-2.9702511159213585,0.0,1196
short,11,2,macd,-3.180636092605685,0.06666666666666667,1208
short,12,2,macd,-3.0610880231700195,0.05454545454545454,1222
short,6,2,hurst_switch,-3.1748990244776696,0.1,164
short,7,2,hurst_switch,-3.023056890657193,0.13333333333333333,172
short,8,2,hurst_switch,-3.122626538340199,0.14285714285714285,170
short,9,2,hurst_switch,-3.2564949229459064,0.10714285714285714,176
short,10,2,hurst_switch,-2.7863620841681183,0.19444444444444445,176
short,11,2,hurst_switch,-3.2093718263309836,0.15555555555555556,178
short,12,2,hurst_switch,-3.0399186206589577,0.18181818181818182,180
short,6,2,dual_momentum,-4.997684865596598,0.0,698
short,7,2,dual_momentum,-5.142193713551245,0.0,718
short,8,2,dual_momentum,-4.632749667659762,0.0,728
short,9,2,dual_momentum,-4.13206687928605,0.0,734
short,10,2,dual_momentum,-4.444999989369835,0.0,744
short,11,2,dual_momentum,-4.6624302205357235,0.044444444444444446,754
short,12,2,dual_momentum,-4.767194625059354,0.03636363636363636,752
