asset,strategy,params,bars,first,last,trades,net_return_pct,gross_return_pct,net_sharpe,gross_sharpe,max_drawdown_pct,fees_usd,borrow_fees_usd,cost_share_of_capital,exposure_fraction,liquidations,seconds,error
BTC,breakout,entry_lookback=12;exit_lookback=6,259913,2026-02-05 19:24:00+00:00,2026-08-05 14:59:00+00:00,6643,-99.9986,-8.8882,-70.7913,-1.7383,-99.999,9111.03,0.0,0.9111,0.3719,0,1.58,
BTC,buy_and_hold,-,259913,2026-02-05 19:24:00+00:00,2026-08-05 14:59:00+00:00,1,-2.2995,-2.1413,0.1279,0.1347,-30.213,15.82,0.0,0.0016,1.0,0,0.65,
BTC,bb_reversion,num_std=2.0;window=20,259913,2026-02-05 19:24:00+00:00,2026-08-05 14:59:00+00:00,4862,-99.9507,4.4678,-55.6392,0.9239,-99.951,10441.85,0.0,1.0442,0.2657,0,2.93,
BTC,dual_momentum,formation=24;skip=2,259913,2026-02-05 19:24:00+00:00,2026-08-05 14:59:00+00:00,13350,-100.0,-0.2591,-118.4878,-0.0007,-100.0,9974.09,0.0,0.9974,0.4984,0,0.72,
BTC,bb_breakout,num_std=2.0;window=20,259913,2026-02-05 19:24:00+00:00,2026-08-05 14:59:00+00:00,4800,-99.9613,-3.4348,-56.6187,-0.6229,-99.962,9652.65,0.0,0.9653,0.2596,0,2.96,
BTC,grid,anchor_window=48;levels=4;step=0.03,259913,2026-02-05 19:24:00+00:00,2026-08-05 14:59:00+00:00,69541,-98.2928,2.0931,-90.7055,1.0674,-98.293,10038.59,0.0,1.0039,0.1246,0,1.77,
BTC,ichimoku,displacement=26;kijun=26;senkou_b=52;tenkan=9,259913,2026-02-05 19:24:00+00:00,2026-08-05 14:59:00+00:00,7160,-99.9989,5.444,-69.3288,1.0349,-99.999,10544.29,0.0,1.0544,0.4265,0,3.27,
BTC,hurst_switch,lag=5;trend_window=168;window=250,259913,2026-02-05 19:24:00+00:00,2026-08-05 14:59:00+00:00,3192,-99.5026,-4.4583,-68.3621,-1.8876,-99.503,9504.43,0.0,0.9504,0.0566,0,6.53,
BTC,ma_crossover,fast=12;slow=48,259913,2026-02-05 19:24:00+00:00,2026-08-05 14:59:00+00:00,3487,-99.6408,2.9216,-33.5932,0.4745,-99.66,10256.24,0.0,1.0256,0.5008,0,1.8,
BTC,ma_ribbon,base=6;windows=5,259913,2026-02-05 19:24:00+00:00,2026-08-05 14:59:00+00:00,89672,-99.994,2.0138,-78.3715,0.4828,-99.994,10200.79,0.0,1.0201,0.4429,0,6.38,
BTC,macd,fast=6;signal=5;slow=13,259913,2026-02-05 19:24:00+00:00,2026-08-05 14:59:00+00:00,15950,-100.0,5.31,-36.9394,1.1724,-100.0,10531.0,0.0,1.0531,0.3938,0,13.71,
BTC,atr_sized,atr_period=7;trend_window=168,259913,2026-02-05 19:24:00+00:00,2026-08-05 14:59:00+00:00,5481,-99.9843,2.9692,-51.7858,0.5431,-99.985,10295.35,0.0,1.0295,0.4999,0,38.24,
BTC,ou_reversion,entry_z=-2.0;fit_window=250;max_half_life_bars=48,259913,2026-02-05 19:24:00+00:00,2026-08-05 14:59:00+00:00,3385,-99.5946,-0.0516,-58.1199,0.0217,-99.595,9954.3,0.0,0.9954,0.1594,0,4.53,
BTC,keltner,atr_period=7;ema_span=12;mult=2.0,259913,2026-02-05 19:24:00+00:00,2026-08-05 14:59:00+00:00,3000,-99.28,-5.725,-48.4355,-1.3382,-99.282,9355.5,0.0,0.9356,0.1291,0,78.36,
BTC,sma_regime,window=168,259913,2026-02-05 19:24:00+00:00,2026-08-05 14:59:00+00:00,5466,-99.9843,2.7214,-51.7341,0.5023,-99.985,10270.58,0.0,1.0271,0.4999,0,1.4,
BTC,stochastic,d_period=3;k_period=14,259913,2026-02-05 19:24:00+00:00,2026-08-05 14:59:00+00:00,4453,-99.8871,6.3331,-47.9271,1.1772,-99.888,10622.02,0.0,1.0622,0.3119,0,4.14,
BTC,ts_momentum,window=24,259913,2026-02-05 19:24:00+00:00,2026-08-05 14:59:00+00:00,12718,-100.0,5.9671,-111.6209,1.1957,-100.0,10596.71,0.0,1.0597,0.4986,0,1.31,
BTC,vol_regime,lookback=250;trend_window=168;vol_window=24,259913,2026-02-05 19:24:00+00:00,2026-08-05 14:59:00+00:00,6022,-99.9944,4.2803,-83.5946,1.1371,-99.995,10427.47,0.0,1.0427,0.2774,0,24.52,
BTC,voltarget,target_vol=0.8;trend_window=168;vol_window=24,259913,2026-02-05 19:24:00+00:00,2026-08-05 14:59:00+00:00,5466,-99.9843,2.7214,-51.7341,0.5023,-99.985,10270.58,0.0,1.0271,0.4999,0,2.72,
BTC,vwap_reversion,entry_discount=0.01;window=20,259913,2026-02-05 19:24:00+00:00,2026-08-05 14:59:00+00:00,20,-3.1505,-0.0339,-0.9154,0.0235,-7.225,311.66,0.0,0.0312,0.0012,0,2.05,
BTC,zscore,entry_z=-2.0;window=20,259913,2026-02-05 19:24:00+00:00,2026-08-05 14:59:00+00:00,4647,-99.9281,6.1961,-53.677,1.2498,-99.929,10612.41,0.0,1.0612,0.2561,0,3.3,
BTC,adx_trend,adx_period=7;adx_threshold=25.0,259913,2026-02-05 19:24:00+00:00,2026-08-05 14:59:00+00:00,11909,-100.0,3.2365,-119.0922,0.7599,-100.0,10323.65,0.0,1.0324,0.3275,0,236.66,
ETH,atr_sized,atr_period=7;trend_window=168,259906,2026-02-05 19:24:00+00:00,2026-08-05 14:59:00+00:00,5709,-99.9886,4.1387,-42.7763,0.6196,-99.989,10412.73,0.0,1.0413,0.5028,0,44.88,
ETH,bb_breakout,num_std=2.0;window=20,259906,2026-02-05 19:24:00+00:00,2026-08-05 14:59:00+00:00,4787,-99.9565,-2.1043,-44.276,-0.2665,-99.958,9785.22,0.0,0.9785,0.2599,0,3.2,
ETH,bb_reversion,num_std=2.0;window=20,259906,2026-02-05 19:24:00+00:00,2026-08-05 14:59:00+00:00,4987,-99.9481,4.0477,-43.6437,0.7142,-99.948,10399.58,0.0,1.04,0.2652,0,3.43,
ETH,breakout,entry_lookback=12;exit_lookback=6,259906,2026-02-05 19:24:00+00:00,2026-08-05 14:59:00+00:00,6389,-99.9972,-0.9462,-53.3195,-0.0746,-99.997,9905.1,0.0,0.9905,0.3693,0,1.75,
ETH,buy_and_hold,-,259906,2026-02-05 19:24:00+00:00,2026-08-05 14:59:00+00:00,1,-3.1358,-2.9783,0.1874,0.1926,-38.7,15.75,0.0,0.0016,1.0,0,0.71,
BTC,obv_trend,ma_window=24,259913,2026-02-05 19:24:00+00:00,2026-08-05 14:59:00+00:00,13094,-100.0,1.4449,-116.8569,0.3419,-100.0,10144.49,0.0,1.0144,0.4918,0,259.26,
ETH,dual_momentum,formation=24;skip=2,259906,2026-02-05 19:24:00+00:00,2026-08-05 14:59:00+00:00,13369,-100.0,-1.861,-96.9982,-0.2383,-100.0,9813.9,0.0,0.9814,0.4984,0,0.8,
ETH,grid,anchor_window=48;levels=4;step=0.03,259906,2026-02-05 19:24:00+00:00,2026-08-05 14:59:00+00:00,69965,-98.3897,1.3429,-73.7831,0.5621,-98.391,9973.27,0.0,0.9973,0.1243,0,1.98,
ETH,hurst_switch,lag=5;trend_window=168;window=250,259906,2026-02-05 19:24:00+00:00,2026-08-05 14:59:00+00:00,3253,-99.5239,-2.7816,-52.4679,-0.8171,-99.524,9674.22,0.0,0.9674,0.0634,0,6.51,
ETH,ichimoku,displacement=26;kijun=26;senkou_b=52;tenkan=9,259906,2026-02-05 19:24:00+00:00,2026-08-05 14:59:00+00:00,7495,-99.9993,5.9848,-57.5484,0.9322,-99.999,10598.41,0.0,1.0598,0.4263,0,3.43,
ETH,adx_trend,adx_period=7;adx_threshold=25.0,259906,2026-02-05 19:24:00+00:00,2026-08-05 14:59:00+00:00,11634,-100.0,4.2915,-93.5089,0.8179,-100.0,10429.15,0.0,1.0429,0.3275,0,237.27,
ETH,ma_crossover,fast=12;slow=48,259906,2026-02-05 19:24:00+00:00,2026-08-05 14:59:00+00:00,3590,-99.6287,10.6826,-26.2977,1.2175,-99.664,11031.13,0.0,1.1031,0.5017,0,1.71,
ETH,ma_ribbon,base=6;windows=5,259906,2026-02-05 19:24:00+00:00,2026-08-05 14:59:00+00:00,90238,-99.9953,0.6484,-63.3098,0.1721,-99.995,10064.38,0.0,1.0064,0.4433,0,4.9,
ETH,keltner,atr_period=7;ema_span=12;mult=2.0,259906,2026-02-05 19:24:00+00:00,2026-08-05 14:59:00+00:00,2793,-98.8388,3.3335,-34.3924,0.6186,-98.847,10217.24,0.0,1.0217,0.1217,0,71.39,
ETH,macd,fast=6;signal=5;slow=13,259906,2026-02-05 19:24:00+00:00,2026-08-05 14:59:00+00:00,18034,-100.0,-4.885,-40.9215,-0.8373,-100.0,9511.5,0.0,0.9512,0.4527,0,12.36,
ETH,ou_reversion,entry_z=-2.0;fit_window=250;max_half_life_bars=48,259906,2026-02-05 19:24:00+00:00,2026-08-05 14:59:00+00:00,3484,-99.5993,-1.3168,-46.2613,-0.2332,-99.6,9828.25,0.0,0.9828,0.1628,0,4.31,
ETH,obv_trend,ma_window=24,259906,2026-02-05 19:24:00+00:00,2026-08-05 14:59:00+00:00,13088,-100.0,7.5034,-93.8976,1.232,-100.0,10750.34,0.0,1.075,0.4879,0,194.41,
ETH,sma_regime,window=168,259906,2026-02-05 19:24:00+00:00,2026-08-05 14:59:00+00:00,5654,-99.9887,3.184,-42.5214,0.4851,-99.989,10317.27,0.0,1.0317,0.5031,0,1.85,
ETH,stochastic,d_period=3;k_period=14,259906,2026-02-05 19:24:00+00:00,2026-08-05 14:59:00+00:00,4330,-99.8902,-3.9675,-38.8742,-0.5255,-99.891,9592.27,0.0,0.9592,0.3014,0,4.03,
ETH,ts_momentum,window=24,259906,2026-02-05 19:24:00+00:00,2026-08-05 14:59:00+00:00,12809,-100.0,2.0758,-92.1508,0.3922,-100.0,10207.58,0.0,1.0208,0.4986,0,0.85,
ETH,vol_regime,lookback=250;trend_window=168;vol_window=24,259906,2026-02-05 19:24:00+00:00,2026-08-05 14:59:00+00:00,6078,-99.9949,0.9639,-70.8837,0.2512,-99.995,10095.88,0.0,1.0096,0.2829,0,16.77,
ETH,voltarget,target_vol=0.8;trend_window=168;vol_window=24,259906,2026-02-05 19:24:00+00:00,2026-08-05 14:59:00+00:00,5654,-99.9887,3.184,-42.5214,0.4851,-99.989,10317.27,0.0,1.0317,0.5031,0,2.42,
ETH,vwap_reversion,entry_discount=0.01;window=20,259906,2026-02-05 19:24:00+00:00,2026-08-05 14:59:00+00:00,61,0.1807,9.7018,0.0888,1.7729,-8.583,952.11,0.0,0.0952,0.0037,0,1.81,
ETH,zscore,entry_z=-2.0;window=20,259906,2026-02-05 19:24:00+00:00,2026-08-05 14:59:00+00:00,4768,-99.9276,4.7516,-42.197,0.8208,-99.928,10467.92,0.0,1.0468,0.2553,0,2.69,
SOL,adx_trend,adx_period=7;adx_threshold=25.0,259898,2026-02-05 19:24:00+00:00,2026-08-05 14:59:00+00:00,12024,-100.0,3.3297,-91.8215,0.5929,-100.0,10332.97,0.0,1.0333,0.3208,0,180.21,
SOL,atr_sized,atr_period=7;trend_window=168,259898,2026-02-05 19:24:00+00:00,2026-08-05 14:59:00+00:00,5491,-99.9855,-3.2152,-37.7686,-0.3336,-99.986,9677.03,0.0,0.9677,0.4948,0,29.3,
SOL,bb_breakout,num_std=2.0;window=20,259898,2026-02-05 19:24:00+00:00,2026-08-05 14:59:00+00:00,4779,-99.9685,-6.4581,-43.1525,-0.8887,-99.969,9351.04,0.0,0.9351,0.2562,0,2.89,
SOL,bb_reversion,num_std=2.0;window=20,259898,2026-02-05 19:24:00+00:00,2026-08-05 14:59:00+00:00,4998,-99.9508,4.3734,-39.4188,0.6281,-99.952,10432.42,0.0,1.0432,0.264,0,2.74,
SOL,breakout,entry_lookback=12;exit_lookback=6,259898,2026-02-05 19:24:00+00:00,2026-08-05 14:59:00+00:00,6015,-99.996,-2.4322,-47.3929,-0.2594,-99.996,9756.38,0.0,0.9756,0.3759,0,1.41,
SOL,buy_and_hold,-,259898,2026-02-05 19:24:00+00:00,2026-08-05 14:59:00+00:00,1,-10.066,-9.9141,0.0084,0.013,-38.619,15.19,0.0,0.0015,1.0,0,0.66,
SOL,dual_momentum,formation=24;skip=2,259898,2026-02-05 19:24:00+00:00,2026-08-05 14:59:00+00:00,13557,-100.0,-1.7633,-91.5087,-0.1997,-100.0,9823.67,0.0,0.9824,0.489,0,0.73,
BTC,garch_voltarget,lam=0.94;target_vol=0.8;trend_window=168,259913,2026-02-05 19:24:00+00:00,2026-08-05 14:59:00+00:00,5466,-99.9843,2.7214,-51.7341,0.5023,-99.985,10270.58,0.0,1.0271,0.4999,0,1547.61,
SOL,grid,anchor_window=48;levels=4;step=0.03,259898,2026-02-05 19:24:00+00:00,2026-08-05 14:59:00+00:00,73588,-98.5372,0.6792,-62.0531,0.2113,-98.539,9921.64,0.0,0.9922,0.1243,0,1.77,
SOL,hurst_switch,lag=5;trend_window=168;window=250,259898,2026-02-05 19:24:00+00:00,2026-08-05 14:59:00+00:00,3258,-99.5148,-3.9214,-51.229,-0.8989,-99.526,9559.34,0.0,0.9559,0.0576,0,6.08,
SOL,ichimoku,displacement=26;kijun=26;senkou_b=52;tenkan=9,259898,2026-02-05 19:24:00+00:00,2026-08-05 14:59:00+00:00,7519,-99.9995,4.3309,-53.9332,0.6553,-100.0,10433.04,0.0,1.0433,0.4288,0,3.17,
SOL,keltner,atr_period=7;ema_span=12;mult=2.0,259898,2026-02-05 19:24:00+00:00,2026-08-05 14:59:00+00:00,2706,-99.0002,-11.4602,-33.3336,-1.9517,-99.015,8754.0,0.0,0.8754,0.1163,0,62.46,
SOL,ma_crossover,fast=12;slow=48,259898,2026-02-05 19:24:00+00:00,2026-08-05 14:59:00+00:00,3589,-99.7087,-1.0529,-24.8928,-0.0118,-99.738,9865.58,0.0,0.9866,0.501,0,1.72,
SOL,ma_ribbon,base=6;windows=5,259898,2026-02-05 19:24:00+00:00,2026-08-05 14:59:00+00:00,92370,-99.9957,-1.7749,-57.7001,-0.2259,-99.996,9822.08,0.0,0.9822,0.4438,0,4.68,
SOL,macd,fast=6;signal=5;slow=13,259898,2026-02-05 19:24:00+00:00,2026-08-05 14:59:00+00:00,18556,-100.0,4.4844,-127.2467,0.7722,-100.0,10448.44,0.0,1.0448,0.4963,0,11.6,
ETH,garch_voltarget,lam=0.94;target_vol=0.8;trend_window=168,259906,2026-02-05 19:24:00+00:00,2026-08-05 14:59:00+00:00,5654,-99.9887,3.184,-42.5214,0.4851,-99.989,10317.27,0.0,1.0317,0.5031,0,1491.21,
SOL,ou_reversion,entry_z=-2.0;fit_window=250;max_half_life_bars=48,259898,2026-02-05 19:24:00+00:00,2026-08-05 14:59:00+00:00,3465,-99.5932,2.7179,-41.825,0.5586,-99.595,10231.11,0.0,1.0231,0.1604,0,3.84,
SOL,obv_trend,ma_window=24,259898,2026-02-05 19:24:00+00:00,2026-08-05 14:59:00+00:00,11226,-100.0,6.9131,-74.5516,1.0363,-100.0,10691.31,0.0,1.0691,0.4938,0,189.41,
SOL,sma_regime,window=168,259898,2026-02-05 19:24:00+00:00,2026-08-05 14:59:00+00:00,5431,-99.9855,-3.5048,-37.6206,-0.3642,-99.986,9648.07,0.0,0.9648,0.4953,0,1.21,
SOL,stochastic,d_period=3;k_period=14,259898,2026-02-05 19:24:00+00:00,2026-08-05 14:59:00+00:00,4338,-99.8296,11.5903,-31.8912,1.3551,-99.841,11141.98,0.0,1.1142,0.2993,0,3.49,
SOL,ts_momentum,window=24,259898,2026-02-05 19:24:00+00:00,2026-08-05 14:59:00+00:00,12987,-100.0,5.7702,-86.8032,0.8908,-100.0,10577.02,0.0,1.0577,0.4891,0,0.77,
SOL,vol_regime,lookback=250;trend_window=168;vol_window=24,259898,2026-02-05 19:24:00+00:00,2026-08-05 14:59:00+00:00,5821,-99.993,-0.0931,-61.0259,0.0387,-99.993,9989.98,0.0,0.999,0.2713,0,15.77,
SOL,voltarget,target_vol=0.8;trend_window=168;vol_window=24,259898,2026-02-05 19:24:00+00:00,2026-08-05 14:59:00+00:00,5431,-99.9855,-3.5048,-37.6206,-0.3642,-99.986,9648.07,0.0,0.9648,0.4953,0,2.27,
SOL,vwap_reversion,entry_discount=0.01;window=20,259898,2026-02-05 19:24:00+00:00,2026-08-05 14:59:00+00:00,85,3.8742,17.4243,0.5616,2.1993,-12.024,1355.01,0.0,0.1355,0.0046,0,1.74,
SOL,zscore,entry_z=-2.0;window=20,259898,2026-02-05 19:24:00+00:00,2026-08-05 14:59:00+00:00,4770,-99.9302,5.9319,-38.0736,0.8179,-99.931,10586.2,0.0,1.0586,0.2543,0,2.6,
DOGE,adx_trend,adx_period=7;adx_threshold=25.0,251261,2026-02-05 19:24:00+00:00,2026-08-05 14:59:00+00:00,11390,-100.0,0.035,-89.1497,0.0601,-100.0,10003.5,0.0,1.0004,0.3138,0,153.88,
DOGE,atr_sized,atr_period=7;trend_window=168,251261,2026-02-05 19:24:00+00:00,2026-08-05 14:59:00+00:00,5578,-99.9882,-1.13,-39.2592,-0.0774,-99.989,9885.82,0.0,0.9886,0.4846,0,25.33,
DOGE,bb_breakout,num_std=2.0;window=20,251261,2026-02-05 19:24:00+00:00,2026-08-05 14:59:00+00:00,4562,-99.9356,3.5936,-40.1969,0.604,-99.937,10352.92,0.0,1.0353,0.2519,0,2.58,
DOGE,bb_reversion,num_std=2.0;window=20,251261,2026-02-05 19:24:00+00:00,2026-08-05 14:59:00+00:00,4865,-99.9533,1.2645,-39.759,0.2546,-99.956,10121.78,0.0,1.0122,0.27,0,2.54,
DOGE,breakout,entry_lookback=12;exit_lookback=6,251261,2026-02-05 19:24:00+00:00,2026-08-05 14:59:00+00:00,6320,-99.9961,2.9483,-48.5883,0.4948,-99.996,10294.44,0.0,1.0294,0.363,0,1.3,
DOGE,buy_and_hold,-,251261,2026-02-05 19:24:00+00:00,2026-08-05 14:59:00+00:00,1,-23.8349,-23.694,-0.5106,-0.5058,-42.594,14.09,0.0,0.0014,1.0,0,0.6,
DOGE,dual_momentum,formation=24;skip=2,251261,2026-02-05 19:24:00+00:00,2026-08-05 14:59:00+00:00,13219,-100.0,-4.875,-91.5072,-0.8119,-100.0,9512.5,0.0,0.9512,0.485,0,0.66,
SOL,garch_voltarget,lam=0.94;target_vol=0.8;trend_window=168,259898,2026-02-05 19:24:00+00:00,2026-08-05 14:59:00+00:00,5431,-99.9855,-3.5048,-37.6206,-0.3642,-99.986,9648.07,0.0,0.9648,0.4953,0,1416.62,
DOGE,grid,anchor_window=48;levels=4;step=0.03,251261,2026-02-05 19:24:00+00:00,2026-08-05 14:59:00+00:00,71723,-98.5131,5.7261,-66.8555,1.9048,-98.53,10423.92,0.0,1.0424,0.1262,0,1.54,
DOGE,hurst_switch,lag=5;trend_window=168;window=250,251261,2026-02-05 19:24:00+00:00,2026-08-05 14:59:00+00:00,3400,-99.6462,-9.6369,-54.446,-3.0129,-99.647,9000.93,0.0,0.9001,0.0551,0,5.42,
DOGE,ichimoku,displacement=26;kijun=26;senkou_b=52;tenkan=9,251261,2026-02-05 19:24:00+00:00,2026-08-05 14:59:00+00:00,7438,-99.9994,-3.7219,-54.7575,-0.5243,-99.999,9627.76,0.0,0.9628,0.4217,0,2.79,
DOGE,keltner,atr_period=7;ema_span=12;mult=2.0,251261,2026-02-05 19:24:00+00:00,2026-08-05 14:59:00+00:00,3561,-99.6747,-3.4413,-39.598,-0.559,-99.675,9623.34,0.0,0.9623,0.1514,0,53.74,
DOGE,ma_crossover,fast=12;slow=48,251261,2026-02-05 19:24:00+00:00,2026-08-05 14:59:00+00:00,3534,-99.7731,-7.8425,-26.4812,-0.819,-99.786,9193.06,0.0,0.9193,0.4945,0,1.48,
DOGE,ma_ribbon,base=6;windows=5,251261,2026-02-05 19:24:00+00:00,2026-08-05 14:59:00+00:00,89188,-99.9939,-1.1501,-56.7461,-0.1404,-99.994,9884.39,0.0,0.9884,0.4407,0,4.2,
DOGE,macd,fast=6;signal=5;slow=13,251261,2026-02-05 19:24:00+00:00,2026-08-05 14:59:00+00:00,18895,-100.0,15.1873,-121.5057,2.6124,-100.0,11518.73,0.0,1.1519,0.4951,0,10.22,
DOGE,obv_trend,ma_window=24,251261,2026-02-05 19:24:00+00:00,2026-08-05 14:59:00+00:00,9268,-100.0,12.3684,-64.1355,1.8995,-100.0,11236.84,0.0,1.1237,0.4708,0,165.14,
DOGE,ou_reversion,entry_z=-2.0;fit_window=250;max_half_life_bars=48,251261,2026-02-05 19:24:00+00:00,2026-08-05 14:59:00+00:00,3483,-99.6693,-8.5396,-42.5589,-1.6942,-99.67,9112.97,0.0,0.9113,0.1664,0,3.59,
DOGE,garch_voltarget,lam=0.94;target_vol=0.8;trend_window=168,251261,2026-02-05 19:24:00+00:00,2026-08-05 14:59:00+00:00,5529,-99.9883,-1.8157,-39.0755,-0.1679,-99.989,9817.26,0.0,0.9817,0.4849,0,1248.04,
DOGE,sma_regime,window=168,251261,2026-02-05 19:24:00+00:00,2026-08-05 14:59:00+00:00,5529,-99.9883,-1.8157,-39.0755,-0.1679,-99.989,9817.26,0.0,0.9817,0.4849,0,1.16,
DOGE,stochastic,d_period=3;k_period=14,251261,2026-02-05 19:24:00+00:00,2026-08-05 14:59:00+00:00,4422,-99.8913,6.2745,-35.1987,0.9063,-99.894,10616.58,0.0,1.0617,0.3076,0,3.33,
DOGE,ts_momentum,window=24,251261,2026-02-05 19:24:00+00:00,2026-08-05 14:59:00+00:00,12564,-100.0,-2.7364,-86.1224,-0.4164,-100.0,9726.36,0.0,0.9726,0.4859,0,0.74,
DOGE,vol_regime,lookback=250;trend_window=168;vol_window=24,251261,2026-02-05 19:24:00+00:00,2026-08-05 14:59:00+00:00,5896,-99.9937,-0.0097,-65.6075,0.0485,-99.994,9998.4,0.0,0.9998,0.2542,0,15.2,
DOGE,voltarget,target_vol=0.8;trend_window=168;vol_window=24,251261,2026-02-05 19:24:00+00:00,2026-08-05 14:59:00+00:00,5529,-99.9883,-1.8157,-39.0755,-0.1679,-99.989,9817.26,0.0,0.9817,0.4849,0,2.17,
DOGE,vwap_reversion,entry_discount=0.01;window=20,251261,2026-02-05 19:24:00+00:00,2026-08-05 14:59:00+00:00,84,17.8762,32.349,2.4683,4.3433,-8.626,1447.28,0.0,0.1447,0.0042,0,1.66,
DOGE,zscore,entry_z=-2.0;window=20,251261,2026-02-05 19:24:00+00:00,2026-08-05 14:59:00+00:00,4663,-99.9344,0.0836,-38.4968,0.0843,-99.938,10001.8,0.0,1.0002,0.2601,0,2.5,
ZEC,adx_trend,adx_period=7;adx_threshold=25.0,255595,2026-02-05 19:24:00+00:00,2026-08-05 14:59:00+00:00,11516,-100.0,3.59,-42.5692,0.4977,-100.0,10359.0,0.0,1.0359,0.324,0,155.18,
ZEC,atr_sized,atr_period=7;trend_window=168,255595,2026-02-05 19:24:00+00:00,2026-08-05 14:59:00+00:00,7049,-99.9655,14.5733,-18.3301,1.2904,-99.969,11453.88,0.0,1.1454,0.4749,0,25.58,
ZEC,bb_breakout,num_std=2.0;window=20,255595,2026-02-05 19:24:00+00:00,2026-08-05 14:59:00+00:00,4771,-99.9065,20.906,-18.1006,1.8781,-99.914,12081.25,0.0,1.2081,0.2654,0,2.56,
ZEC,bb_reversion,num_std=2.0;window=20,255595,2026-02-05 19:24:00+00:00,2026-08-05 14:59:00+00:00,4808,-99.9027,14.2864,-19.9325,1.5852,-99.906,11418.91,0.0,1.1419,0.2692,0,2.54,
ZEC,breakout,entry_lookback=12;exit_lookback=6,255595,2026-02-05 19:24:00+00:00,2026-08-05 14:59:00+00:00,6393,-99.9897,30.5995,-21.0981,2.5783,-99.991,13058.92,0.0,1.3059,0.3662,0,1.31,
ZEC,buy_and_hold,-,255595,2026-02-05 19:24:00+00:00,2026-08-05 14:59:00+00:00,1,145.7537,146.0304,2.0622,2.0643,-63.355,27.67,0.0,0.0028,1.0,0,0.62,
ZEC,dual_momentum,formation=24;skip=2,255595,2026-02-05 19:24:00+00:00,2026-08-05 14:59:00+00:00,13027,-100.0,0.0221,-44.3252,0.0968,-100.0,10002.21,0.0,1.0002,0.4914,0,0.67,
ZEC,garch_voltarget,lam=0.94;target_vol=0.8;trend_window=168,255595,2026-02-05 19:24:00+00:00,2026-08-05 14:59:00+00:00,5449,-99.9634,11.867,-16.4183,1.0453,-99.967,11183.04,0.0,1.1183,0.4801,0,1296.36,
ZEC,grid,anchor_window=48;levels=4;step=0.03,255595,2026-02-05 19:24:00+00:00,2026-08-05 14:59:00+00:00,69168,-98.2078,-1.528,-29.1006,-0.3476,-98.219,9667.98,0.0,0.9668,0.128,0,1.7,
ZEC,hurst_switch,lag=5;trend_window=168;window=250,255595,2026-02-05 19:24:00+00:00,2026-08-05 14:59:00+00:00,3090,-99.1028,-1.4669,-27.4724,-0.1849,-99.112,9763.58,0.0,0.9764,0.0499,0,6.09,
ZEC,ichimoku,displacement=26;kijun=26;senkou_b=52;tenkan=9,255595,2026-02-05 19:24:00+00:00,2026-08-05 14:59:00+00:00,7138,-99.9972,25.9365,-23.1934,2.2242,-99.998,12593.37,0.0,1.2593,0.4074,0,3.08,
ZEC,keltner,atr_period=7;ema_span=12;mult=2.0,255595,2026-02-05 19:24:00+00:00,2026-08-05 14:59:00+00:00,3214,-99.1806,7.6365,-16.0343,0.8826,-99.197,10681.72,0.0,1.0682,0.1394,0,58.68,
ZEC,ma_crossover,fast=12;slow=48,255595,2026-02-05 19:24:00+00:00,2026-08-05 14:59:00+00:00,3541,-99.5144,22.7888,-10.9472,1.5431,-99.58,12230.32,0.0,1.223,0.4885,0,1.65,
ZEC,ma_ribbon,base=6;windows=5,255595,2026-02-05 19:24:00+00:00,2026-08-05 14:59:00+00:00,83491,-99.9908,1.9926,-26.2399,0.3145,-99.992,10198.35,0.0,1.0198,0.4389,0,4.51,
ZEC,macd,fast=6;signal=5;slow=13,255595,2026-02-05 19:24:00+00:00,2026-08-05 14:59:00+00:00,19327,-100.0,18.1919,-63.5161,2.1267,-100.0,11819.19,0.0,1.1819,0.5017,0,11.41,
ZEC,obv_trend,ma_window=24,255595,2026-02-05 19:24:00+00:00,2026-08-05 14:59:00+00:00,9670,-100.0,2.2938,-31.5698,0.3284,-100.0,10229.37,0.0,1.0229,0.4926,0,179.52,
ZEC,ou_reversion,entry_z=-2.0;fit_window=250;max_half_life_bars=48,255595,2026-02-05 19:24:00+00:00,2026-08-05 14:59:00+00:00,3338,-99.2504,10.2866,-20.436,1.4832,-99.267,10953.7,0.0,1.0954,0.1619,0,3.91,
BTC,rsi,exit_level=55.0;oversold=30.0;period=7,259913,2026-02-05 19:24:00+00:00,2026-08-05 14:59:00+00:00,5336,-99.976,1.7862,-59.0211,0.4051,-99.976,10176.22,0.0,1.0176,0.2848,0,8104.84,
ZEC,sma_regime,window=168,255595,2026-02-05 19:24:00+00:00,2026-08-05 14:59:00+00:00,5450,-99.9636,11.5276,-16.4276,1.0215,-99.967,11149.12,0.0,1.1149,0.4801,0,1.18,
ZEC,stochastic,d_period=3;k_period=14,255595,2026-02-05 19:24:00+00:00,2026-08-05 14:59:00+00:00,4459,-99.8842,10.0804,-18.3402,1.0533,-99.887,10996.46,0.0,1.0996,0.3253,0,3.43,
ZEC,ts_momentum,window=24,255595,2026-02-05 19:24:00+00:00,2026-08-05 14:59:00+00:00,12534,-100.0,7.9876,-40.778,0.9086,-100.0,10798.76,0.0,1.0799,0.4916,0,0.77,
ZEC,vol_regime,lookback=250;trend_window=168;vol_window=24,255595,2026-02-05 19:24:00+00:00,2026-08-05 14:59:00+00:00,6053,-99.9906,28.1711,-31.8449,3.362,-99.991,12816.16,0.0,1.2816,0.2329,0,15.34,
ZEC,voltarget,target_vol=0.8;trend_window=168;vol_window=24,255595,2026-02-05 19:24:00+00:00,2026-08-05 14:59:00+00:00,5449,-99.9634,11.867,-16.4183,1.0453,-99.967,11183.04,0.0,1.1183,0.4801,0,2.18,
ZEC,vwap_reversion,entry_discount=0.01;window=20,255595,2026-02-05 19:24:00+00:00,2026-08-05 14:59:00+00:00,466,-49.1915,3.8845,-2.5393,0.4045,-57.039,5307.59,0.0,0.5308,0.0298,0,1.7,
ZEC,zscore,entry_z=-2.0;window=20,255595,2026-02-05 19:24:00+00:00,2026-08-05 14:59:00+00:00,4588,-99.8578,12.5001,-19.0741,1.4092,-99.862,11235.8,0.0,1.1236,0.2593,0,2.52,
XRP,adx_trend,adx_period=7;adx_threshold=25.0,259868,2026-02-05 19:24:00+00:00,2026-08-05 14:59:00+00:00,11939,-100.0,11.7295,-97.887,1.6234,-100.0,11172.95,0.0,1.1173,0.3217,0,160.59,
XRP,atr_sized,atr_period=7;trend_window=168,259868,2026-02-05 19:24:00+00:00,2026-08-05 14:59:00+00:00,5890,-99.9935,6.8367,-44.9536,0.8244,-99.995,10683.02,0.0,1.0683,0.4811,0,26.54,
XRP,bb_breakout,num_std=2.0;window=20,259868,2026-02-05 19:24:00+00:00,2026-08-05 14:59:00+00:00,4846,-99.9727,-11.8567,-47.6227,-1.6227,-99.975,8811.6,0.0,0.8812,0.2599,0,2.62,
XRP,bb_reversion,num_std=2.0;window=20,259868,2026-02-05 19:24:00+00:00,2026-08-05 14:59:00+00:00,4974,-99.9518,8.3163,-45.0226,1.1811,-99.954,10826.81,0.0,1.0827,0.2749,0,2.59,
XRP,breakout,entry_lookback=12;exit_lookback=6,259868,2026-02-05 19:24:00+00:00,2026-08-05 14:59:00+00:00,6001,-99.9951,-6.6615,-50.5055,-0.7753,-99.996,9333.36,0.0,0.9333,0.3782,0,1.36,
XRP,buy_and_hold,-,259868,2026-02-05 19:24:00+00:00,2026-08-05 14:59:00+00:00,1,-13.9435,-13.7946,-0.2165,-0.2112,-39.483,14.88,0.0,0.0015,1.0,0,0.62,
XRP,dual_momentum,formation=24;skip=2,259868,2026-02-05 19:24:00+00:00,2026-08-05 14:59:00+00:00,13138,-100.0,6.6683,-95.3041,0.8976,-100.0,10666.83,0.0,1.0667,0.4832,0,0.68,
ETH,rsi,exit_level=55.0;oversold=30.0;period=7,259906,2026-02-05 19:24:00+00:00,2026-08-05 14:59:00+00:00,5468,-99.9781,-1.1134,-47.119,-0.1193,-99.978,9886.47,0.0,0.9886,0.2861,0,7992.48,
XRP,grid,anchor_window=48;levels=4;step=0.03,259868,2026-02-05 19:24:00+00:00,2026-08-05 14:59:00+00:00,73836,-98.3563,2.6961,-72.5941,0.922,-98.368,10105.24,0.0,1.0105,0.1275,0,1.61,
XRP,hurst_switch,lag=5;trend_window=168;window=250,259868,2026-02-05 19:24:00+00:00,2026-08-05 14:59:00+00:00,3352,-99.4601,2.0115,-55.1137,0.5504,-99.466,10147.16,0.0,1.0147,0.0582,0,5.64,
XRP,ichimoku,displacement=26;kijun=26;senkou_b=52;tenkan=9,259868,2026-02-05 19:24:00+00:00,2026-08-05 14:59:00+00:00,7082,-99.9987,11.7496,-54.9691,1.4119,-99.999,11174.83,0.0,1.1175,0.4144,0,2.86,
XRP,keltner,atr_period=7;ema_span=12;mult=2.0,259868,2026-02-05 19:24:00+00:00,2026-08-05 14:59:00+00:00,2665,-98.4881,8.0407,-33.1078,1.247,-98.622,10652.88,0.0,1.0653,0.1172,0,55.11,
XRP,ma_crossover,fast=12;slow=48,259868,2026-02-05 19:24:00+00:00,2026-08-05 14:59:00+00:00,3503,-99.6055,6.1271,-25.8851,0.6742,-99.655,10573.26,0.0,1.0573,0.4889,0,1.5,
XRP,ma_ribbon,base=6;windows=5,259868,2026-02-05 19:24:00+00:00,2026-08-05 14:59:00+00:00,90867,-99.9948,3.526,-62.2294,0.5697,-99.995,10352.08,0.0,1.0352,0.4373,0,4.14,
XRP,macd,fast=6;signal=5;slow=13,259868,2026-02-05 19:24:00+00:00,2026-08-05 14:59:00+00:00,18605,-100.0,10.0926,-136.0279,1.3752,-100.0,11009.26,0.0,1.1009,0.497,0,10.51,
XRP,obv_trend,ma_window=24,259868,2026-02-05 19:24:00+00:00,2026-08-05 14:59:00+00:00,11405,-100.0,6.1517,-84.1306,0.8255,-100.0,10615.17,0.0,1.0615,0.4897,0,180.21,
XRP,ou_reversion,entry_z=-2.0;fit_window=250;max_half_life_bars=48,259868,2026-02-05 19:24:00+00:00,2026-08-05 14:59:00+00:00,3495,-99.5928,6.1637,-46.4667,1.2334,-99.594,10575.66,0.0,1.0576,0.1669,0,4.12,
XRP,garch_voltarget,lam=0.94;target_vol=0.8;trend_window=168,259868,2026-02-05 19:24:00+00:00,2026-08-05 14:59:00+00:00,5748,-99.9933,8.2954,-44.1383,0.914,-99.995,10828.87,0.0,1.0829,0.4816,0,1312.81,
XRP,sma_regime,window=168,259868,2026-02-05 19:24:00+00:00,2026-08-05 14:59:00+00:00,5748,-99.9933,8.2954,-44.1383,0.914,-99.995,10828.87,0.0,1.0829,0.4816,0,1.21,
XRP,stochastic,d_period=3;k_period=14,259868,2026-02-05 19:24:00+00:00,2026-08-05 14:59:00+00:00,4331,-99.8802,13.8138,-38.4293,1.7281,-99.889,11369.4,0.0,1.1369,0.3112,0,3.49,
XRP,ts_momentum,window=24,259868,2026-02-05 19:24:00+00:00,2026-08-05 14:59:00+00:00,12598,-100.0,4.0221,-91.4708,0.5747,-100.0,10402.21,0.0,1.0402,0.4831,0,0.77,
XRP,vol_regime,lookback=250;trend_window=168;vol_window=24,259868,2026-02-05 19:24:00+00:00,2026-08-05 14:59:00+00:00,5962,-99.9951,-1.9498,-69.5168,-0.2574,-99.995,9804.52,0.0,0.9805,0.2544,0,15.68,
XRP,voltarget,target_vol=0.8;trend_window=168;vol_window=24,259868,2026-02-05 19:24:00+00:00,2026-08-05 14:59:00+00:00,5748,-99.9933,8.2954,-44.1383,0.914,-99.995,10828.87,0.0,1.0829,0.4816,0,2.23,
XRP,vwap_reversion,entry_discount=0.01;window=20,259868,2026-02-05 19:24:00+00:00,2026-08-05 14:59:00+00:00,44,-5.2713,1.548,-0.8485,0.3231,-11.149,681.93,0.0,0.0682,0.0031,0,1.73,
XRP,zscore,entry_z=-2.0;window=20,259868,2026-02-05 19:24:00+00:00,2026-08-05 14:59:00+00:00,4790,-99.9317,10.8412,-43.6383,1.5177,-99.935,11077.29,0.0,1.1077,0.265,0,2.61,
SOL,rsi,exit_level=55.0;oversold=30.0;period=7,259898,2026-02-05 19:24:00+00:00,2026-08-05 14:59:00+00:00,5482,-99.9767,2.6969,-41.9952,0.4184,-99.977,10267.35,0.0,1.0267,0.2823,0,7983.18,
BNB,atr_sized,atr_period=7;trend_window=168,186731,2026-02-05 19:24:00+00:00,2026-08-05 14:59:00+00:00,3785,-99.5543,15.3351,-42.0556,2.7898,-99.571,11488.94,0.0,1.1489,0.5059,0,15.71,
BNB,bb_breakout,num_std=2.0;window=20,186731,2026-02-05 19:24:00+00:00,2026-08-05 14:59:00+00:00,3453,-99.4408,13.9742,-50.4501,3.1056,-99.449,11341.5,0.0,1.1342,0.268,0,1.88,
BNB,bb_reversion,num_std=2.0;window=20,186731,2026-02-05 19:24:00+00:00,2026-08-05 14:59:00+00:00,3545,-99.7646,-14.0144,-53.7032,-3.2556,-99.772,8575.02,0.0,0.8575,0.2689,0,1.88,
BNB,breakout,entry_lookback=12;exit_lookback=6,186731,2026-02-05 19:24:00+00:00,2026-08-05 14:59:00+00:00,5359,-99.9653,15.7394,-66.343,3.3353,-99.966,11570.47,0.0,1.157,0.3719,0,0.97,
BNB,buy_and_hold,-,186731,2026-02-05 19:24:00+00:00,2026-08-05 14:59:00+00:00,1,-6.7385,-6.5839,-0.1289,-0.1204,-27.716,15.46,0.0,0.0015,1.0,0,0.45,
BNB,dual_momentum,formation=24;skip=2,186731,2026-02-05 19:24:00+00:00,2026-08-05 14:59:00+00:00,9132,-100.0,3.2774,-106.5038,0.8242,-100.0,10327.74,0.0,1.0328,0.4998,0,0.49,
BNB,adx_trend,adx_period=7;adx_threshold=25.0,186731,2026-02-05 19:24:00+00:00,2026-08-05 14:59:00+00:00,8604,-99.9998,10.6559,-110.9075,2.7817,-100.0,11065.57,0.0,1.1066,0.323,0,92.31,
BNB,grid,anchor_window=48;levels=4;step=0.03,186731,2026-02-05 19:24:00+00:00,2026-08-05 14:59:00+00:00,50262,-95.5959,-8.054,-85.6743,-4.6021,-95.598,8754.18,0.0,0.8754,0.1232,0,1.13,
BNB,hurst_switch,lag=5;trend_window=168;window=250,186731,2026-02-05 19:24:00+00:00,2026-08-05 14:59:00+00:00,2106,-96.875,-4.4789,-51.519,-1.4701,-96.905,9239.61,0.0,0.924,0.0903,0,3.9,
BNB,ichimoku,displacement=26;kijun=26;senkou_b=52;tenkan=9,186731,2026-02-05 19:24:00+00:00,2026-08-05 14:59:00+00:00,5139,-99.9521,12.9423,-61.3347,2.7149,-99.954,11289.44,0.0,1.1289,0.4352,0,2.08,
BNB,keltner,atr_period=7;ema_span=12;mult=2.0,186731,2026-02-05 19:24:00+00:00,2026-08-05 14:59:00+00:00,3698,-99.5221,21.8307,-57.1024,5.4033,-99.537,12135.27,0.0,1.2135,0.21,0,29.21,
BNB,ma_crossover,fast=12;slow=48,186731,2026-02-05 19:24:00+00:00,2026-08-05 14:59:00+00:00,2554,-98.1999,6.0285,-31.0637,1.0651,-98.267,10422.84,0.0,1.0423,0.5063,0,1.08,
BNB,ma_ribbon,base=6;windows=5,186731,2026-02-05 19:24:00+00:00,2026-08-05 14:59:00+00:00,64545,-99.8878,1.442,-70.367,0.4213,-99.888,10132.98,0.0,1.0133,0.446,0,3.0,
BNB,macd,fast=6;signal=5;slow=13,186731,2026-02-05 19:24:00+00:00,2026-08-05 14:59:00+00:00,13845,-100.0,8.7903,-140.1197,2.2222,-100.0,10879.03,0.0,1.0879,0.4963,0,7.46,
DOGE,rsi,exit_level=55.0;oversold=30.0;period=7,251261,2026-02-05 19:24:00+00:00,2026-08-05 14:59:00+00:00,5347,-99.9797,7.1622,-43.232,1.117,-99.98,10714.2,0.0,1.0714,0.2906,0,7395.59,
BNB,ou_reversion,entry_z=-2.0;fit_window=250;max_half_life_bars=48,186731,2026-02-05 19:24:00+00:00,2026-08-05 14:59:00+00:00,2288,-98.2334,-14.2761,-54.4668,-4.9961,-98.235,8395.73,0.0,0.8396,0.1451,0,2.56,
BNB,obv_trend,ma_window=24,186731,2026-02-05 19:24:00+00:00,2026-08-05 14:59:00+00:00,6809,-99.9973,4.438,-77.4509,1.0242,-99.997,10443.52,0.0,1.0444,0.4923,0,82.38,
BNB,sma_regime,window=168,186731,2026-02-05 19:24:00+00:00,2026-08-05 14:59:00+00:00,3757,-99.5563,15.0445,-41.9424,2.707,-99.572,11460.08,0.0,1.146,0.506,0,0.86,
BNB,stochastic,d_period=3;k_period=14,186731,2026-02-05 19:24:00+00:00,2026-08-05 14:59:00+00:00,3513,-99.6942,-7.1266,-49.9881,-1.5191,-99.702,9256.76,0.0,0.9257,0.3202,0,2.5,
BNB,ts_momentum,window=24,186731,2026-02-05 19:24:00+00:00,2026-08-05 14:59:00+00:00,8780,-99.9999,11.5594,-97.8598,2.6206,-100.0,11155.93,0.0,1.1156,0.5008,0,0.55,
BNB,vol_regime,lookback=250;trend_window=168;vol_window=24,186731,2026-02-05 19:24:00+00:00,2026-08-05 14:59:00+00:00,4227,-99.8639,6.9992,-73.6233,2.0952,-99.866,10686.31,0.0,1.0686,0.2722,0,11.19,
BNB,voltarget,target_vol=0.8;trend_window=168;vol_window=24,186731,2026-02-05 19:24:00+00:00,2026-08-05 14:59:00+00:00,3757,-99.5563,15.0445,-41.9424,2.707,-99.572,11460.08,0.0,1.146,0.506,0,1.64,
BNB,vwap_reversion,entry_discount=0.01;window=20,186731,2026-02-05 19:24:00+00:00,2026-08-05 14:59:00+00:00,30,-0.4646,4.3538,-0.0822,1.283,-5.625,481.84,0.0,0.0482,0.0025,0,1.24,
BNB,zscore,entry_z=-2.0;window=20,186731,2026-02-05 19:24:00+00:00,2026-08-05 14:59:00+00:00,3384,-99.6865,-13.5145,-51.9526,-3.1278,-99.697,8617.2,0.0,0.8617,0.2589,0,1.87,
HYPE,adx_trend,adx_period=7;adx_threshold=25.0,232749,2026-02-05 19:24:00+00:00,2026-08-05 14:59:00+00:00,11052,-100.0,3.2238,-67.2699,0.5443,-100.0,10322.38,0.0,1.0322,0.327,0,134.4,
HYPE,atr_sized,atr_period=7;trend_window=168,232749,2026-02-05 19:24:00+00:00,2026-08-05 14:59:00+00:00,5007,-99.934,-6.2993,-23.5558,-0.5711,-99.937,9363.47,0.0,0.9363,0.5051,0,22.47,
HYPE,bb_breakout,num_std=2.0;window=20,232749,2026-02-05 19:24:00+00:00,2026-08-05 14:59:00+00:00,4259,-99.8768,3.3992,-28.3782,0.5009,-99.882,10327.6,0.0,1.0328,0.2654,0,2.35,
HYPE,bb_reversion,num_std=2.0;window=20,232749,2026-02-05 19:24:00+00:00,2026-08-05 14:59:00+00:00,4264,-99.8946,-9.6252,-28.3537,-1.1354,-99.897,9026.94,0.0,0.9027,0.2651,0,2.31,
HYPE,breakout,entry_lookback=12;exit_lookback=6,232749,2026-02-05 19:24:00+00:00,2026-08-05 14:59:00+00:00,6056,-99.9918,18.8288,-34.4868,2.0815,-99.992,11882.06,0.0,1.1882,0.3765,0,1.2,
HYPE,buy_and_hold,-,232749,2026-02-05 19:24:00+00:00,2026-08-05 14:59:00+00:00,1,74.6592,74.879,1.7748,1.7782,-33.429,21.98,0.0,0.0022,1.0,0,0.56,
HYPE,dual_momentum,formation=24;skip=2,232749,2026-02-05 19:24:00+00:00,2026-08-05 14:59:00+00:00,11330,-100.0,-7.9283,-58.2089,-0.9444,-100.0,9207.16,0.0,0.9207,0.496,0,0.62,
BNB,garch_voltarget,lam=0.94;target_vol=0.8;trend_window=168,186731,2026-02-05 19:24:00+00:00,2026-08-05 14:59:00+00:00,3757,-99.5563,15.0445,-41.9424,2.707,-99.572,11460.08,0.0,1.146,0.506,0,713.91,
HYPE,grid,anchor_window=48;levels=4;step=0.03,232749,2026-02-05 19:24:00+00:00,2026-08-05 14:59:00+00:00,63920,-97.6386,-10.9465,-46.6106,-3.3456,-97.659,8669.2,0.0,0.8669,0.1234,0,1.45,
HYPE,hurst_switch,lag=5;trend_window=168;window=250,232749,2026-02-05 19:24:00+00:00,2026-08-05 14:59:00+00:00,2557,-98.5743,-2.4972,-34.5952,-0.4643,-98.577,9607.7,0.0,0.9608,0.0579,0,4.9,
HYPE,ichimoku,displacement=26;kijun=26;senkou_b=52;tenkan=9,232749,2026-02-05 19:24:00+00:00,2026-08-05 14:59:00+00:00,6086,-99.9849,14.8631,-29.8944,1.63,-99.986,11484.8,0.0,1.1485,0.4339,0,2.57,
HYPE,keltner,atr_period=7;ema_span=12;mult=2.0,232749,2026-02-05 19:24:00+00:00,2026-08-05 14:59:00+00:00,3851,-99.746,4.0176,-31.2429,0.6442,-99.752,10376.36,0.0,1.0376,0.1775,0,44.86,
HYPE,ma_crossover,fast=12;slow=48,232749,2026-02-05 19:24:00+00:00,2026-08-05 14:59:00+00:00,3110,-99.3274,14.414,-15.817,1.2081,-99.401,11374.14,0.0,1.1374,0.5075,0,1.37,
HYPE,ma_ribbon,base=6;windows=5,232749,2026-02-05 19:24:00+00:00,2026-08-05 14:59:00+00:00,78434,-99.9775,-1.095,-36.0379,-0.0564,-99.979,9888.24,0.0,0.9888,0.4458,0,3.72,
HYPE,macd,fast=6;signal=5;slow=13,232749,2026-02-05 19:24:00+00:00,2026-08-05 14:59:00+00:00,17518,-100.0,0.0944,-81.79,0.0955,-100.0,10009.44,0.0,1.0009,0.498,0,9.48,
HYPE,obv_trend,ma_window=24,232749,2026-02-05 19:24:00+00:00,2026-08-05 14:59:00+00:00,8738,-99.9999,-12.2653,-44.4001,-1.5325,-100.0,8773.47,0.0,0.8773,0.4963,0,145.36,
HYPE,ou_reversion,entry_z=-2.0;fit_window=250;max_half_life_bars=48,232749,2026-02-05 19:24:00+00:00,2026-08-05 14:59:00+00:00,2813,-99.3878,-21.4435,-29.4865,-3.3748,-99.397,7794.43,0.0,0.7794,0.1509,0,3.25,
HYPE,garch_voltarget,lam=0.94;target_vol=0.8;trend_window=168,232749,2026-02-05 19:24:00+00:00,2026-08-05 14:59:00+00:00,4817,-99.9335,-5.0256,-23.3152,-0.4067,-99.938,9490.79,0.0,0.9491,0.5058,0,1098.56,
HYPE,sma_regime,window=168,232749,2026-02-05 19:24:00+00:00,2026-08-05 14:59:00+00:00,4817,-99.9333,-4.7964,-23.3072,-0.3822,-99.938,9513.69,0.0,0.9514,0.5058,0,1.08,
HYPE,stochastic,d_period=3;k_period=14,232749,2026-02-05 19:24:00+00:00,2026-08-05 14:59:00+00:00,4188,-99.8031,2.8161,-24.3154,0.4188,-99.81,10261.92,0.0,1.0262,0.3201,0,3.11,
HYPE,ts_momentum,window=24,232749,2026-02-05 19:24:00+00:00,2026-08-05 14:59:00+00:00,10786,-100.0,4.6668,-52.2074,0.6473,-100.0,10466.68,0.0,1.0467,0.4964,0,0.69,
HYPE,vol_regime,lookback=250;trend_window=168;vol_window=24,232749,2026-02-05 19:24:00+00:00,2026-08-05 14:59:00+00:00,5482,-99.98,2.615,-41.188,0.4817,-99.98,10259.5,0.0,1.0259,0.2629,0,13.98,
HYPE,voltarget,target_vol=0.8;trend_window=168;vol_window=24,232749,2026-02-05 19:24:00+00:00,2026-08-05 14:59:00+00:00,4817,-99.9335,-5.0256,-23.3152,-0.4067,-99.938,9490.79,0.0,0.9491,0.5058,0,2.03,
HYPE,vwap_reversion,entry_discount=0.01;window=20,232749,2026-02-05 19:24:00+00:00,2026-08-05 14:59:00+00:00,246,-13.2923,25.8642,-1.1878,2.6285,-18.277,3915.64,0.0,0.3916,0.0155,0,1.54,
HYPE,zscore,entry_z=-2.0;window=20,232749,2026-02-05 19:24:00+00:00,2026-08-05 14:59:00+00:00,4067,-99.8493,-8.3552,-27.3399,-0.9631,-99.852,9149.41,0.0,0.9149,0.2535,0,2.31,
ZEC,rsi,exit_level=55.0;oversold=30.0;period=7,255595,2026-02-05 19:24:00+00:00,2026-08-05 14:59:00+00:00,5336,-99.9641,5.2325,-22.0071,0.6769,-99.965,10519.66,0.0,1.052,0.2963,0,7679.39,
BNB,rsi,exit_level=55.0;oversold=30.0;period=7,186731,2026-02-05 19:24:00+00:00,2026-08-05 14:59:00+00:00,3986,-99.9032,-18.2994,-59.264,-4.3643,-99.904,8160.38,0.0,0.816,0.297,0,4065.38,
XRP,rsi,exit_level=55.0;oversold=30.0;period=7,259868,2026-02-05 19:24:00+00:00,2026-08-05 14:59:00+00:00,5525,-99.9779,8.3211,-48.271,1.192,-99.978,10829.91,0.0,1.083,0.2969,0,7827.66,
HYPE,rsi,exit_level=55.0;oversold=30.0;period=7,232749,2026-02-05 19:24:00+00:00,2026-08-05 14:59:00+00:00,4990,-99.9672,-8.6314,-31.5678,-1.0061,-99.968,9133.58,0.0,0.9134,0.298,0,6359.29,
