window,top_k,direction,margin,book,is_sharpe,is_monthly_pct,oos_sharpe,oos_monthly_pct,oos_gross_sharpe,oos_rotations,oos_max_dd,decay_sharpe,rankable
20,1,reversion,0.0,long_only,-0.044149087094845406,-3.433780092228611,-0.7204880972216131,-7.943084548831725,-0.5156677112108589,171,-0.845781884358949,0.6763390101267677,True
20,1,reversion,0.0,neutral,-3.2992416074418593,-12.925273866136477,-3.449939839331922,-17.52232232242016,-2.0316465560529613,270,-0.9738064680310888,0.15069823189006248,True
20,1,reversion,0.25,long_only,-0.14047606911972743,-4.042078102340985,-0.3964126191893253,-5.7860720524503195,-0.2504593159083525,122,-0.779181616535483,0.25593655006959787,True
20,1,reversion,0.25,neutral,-3.200800917142959,-12.525483741944864,-3.039568986772483,-15.620326610490354,-1.676223972205908,209,-0.9630990615888438,-0.16123193037047612,True
20,1,reversion,0.5,long_only,0.024646117158698924,-2.9468109353687044,-0.27275276345858673,-4.898656571571469,-0.1767338818858042,80,-0.7135587894332162,0.29739888061728564,True
20,1,reversion,0.5,neutral,-3.0858750674288133,-12.091577396929786,-3.1018920022039835,-15.842046300662016,-1.802915235900803,148,-0.9618019917300853,0.01601693477517019,True
20,1,momentum,0.0,long_only,1.347113895811794,7.499124604841745,1.5483405092315436,10.49595228034843,1.6780468846371097,151,-0.6635894640565656,-0.20122661341974957,True
20,1,momentum,0.0,neutral,-0.3393667367881583,-2.1980210968200686,0.6140978272044331,1.637878460102149,2.0316465560529613,270,-0.47137756241188306,-0.9534645639925914,True
20,1,momentum,0.25,long_only,1.2490031635383152,6.583281152779175,1.3880341548749833,8.721914036339417,1.490808576441884,120,-0.6866625537280403,-0.13903099133666807,True
20,1,momentum,0.25,neutral,-0.2622878984282415,-1.8891733684099687,0.3145504310082461,0.10910425053480832,1.676223972205908,209,-0.5541889265952314,-0.5768383294364876,True
20,1,momentum,0.5,long_only,1.3099025243754463,7.155965318604518,1.5927719539410878,11.000839785437023,1.664585098781408,83,-0.6543487525443991,-0.28286942956564154,True
20,1,momentum,0.5,neutral,-0.28334054620159,-1.9596538131454455,0.5048414923627234,1.0775985888418216,1.802915235900803,148,-0.4980368664240975,-0.7881820385643133,True
20,2,reversion,0.0,long_only,0.09370298485251746,-1.8050022323917725,-0.6863568766283562,-6.346641728360403,-0.562184773748773,167,-0.7601590244603669,0.7800598614808737,True
20,2,reversion,0.0,neutral,-4.3388339638746904,-10.292659696594974,-4.246298695617402,-12.150501003411273,-1.9900614289657703,264,-0.9122626348644449,-0.0925352682572882,True
20,2,reversion,0.25,long_only,0.16127774838278322,-1.3765710648178664,-0.8375872745570573,-7.351704535718784,-0.7522478268547865,116,-0.8052510383647652,0.9988650229398405,True
20,2,reversion,0.25,neutral,-4.1520639236765,-9.850823606077508,-4.18865062948318,-12.093308982023032,-2.0184186037783993,193,-0.9111610086503817,0.03658670580668044,True
20,2,reversion,0.5,long_only,0.21631392277147476,-1.024735460515036,-0.7317130996707852,-6.627614690252692,-0.6650910118457514,89,-0.778457277260016,0.94802702244226,True
20,2,reversion,0.5,neutral,-4.066649927502509,-9.690669134186747,-4.044562596020457,-11.361559831976164,-1.8526195029168468,146,-0.8960324026903355,-0.02208733148205244,True
20,2,momentum,0.0,long_only,1.3107261901565277,6.20952587297996,1.0863143416202767,4.791729091073527,1.198184761719025,173,-0.4801335639550458,0.22441184853625096,True
20,2,momentum,0.0,neutral,-1.0817258544140722,-2.9169324497087423,-0.26838535805363056,-1.280186031451458,1.9900614289657703,264,-0.4176949831916103,-0.8133404963604416,True
20,2,momentum,0.25,long_only,1.2748503950232843,5.965728176864182,1.0411126880757868,4.46546796715237,1.1258631830491461,130,-0.4858380304759502,0.23373770694749751,True
20,2,momentum,0.25,neutral,-1.1319228156106926,-3.019452788822019,-0.06879361385116156,-0.7007887941342328,2.119795365592032,193,-0.36443041865408166,-1.063129201759531,True
20,2,momentum,0.5,long_only,1.2820582470371855,6.006515647871491,0.8805228533294792,3.3413285277140936,0.9448923463944701,99,-0.5085821235487169,0.4015353937077063,True
20,2,momentum,0.5,neutral,-1.1479943151081469,-3.0328829310323213,-0.34063005111444333,-1.4425431566129965,1.8526195029168468,146,-0.3825699434304243,-0.8073642639937035,True
30,1,reversion,0.0,long_only,0.19418886467305221,-1.76548149907918,-0.21364388864030012,-4.451803275891164,-0.016329252394609292,163,-0.6492090769209995,0.40783275331335234,True
30,1,reversion,0.0,neutral,-2.867170662582256,-11.352057275556593,-3.2797280420766772,-16.5275028815731,-1.878908363474309,236,-0.9659899563609452,0.4125573794944213,True
30,1,reversion,0.25,long_only,0.17428431450482756,-1.977734085459626,-0.21755422974255714,-4.553620935392255,-0.10162655258391395,97,-0.6750553759951878,0.39183854424738473,True
30,1,reversion,0.25,neutral,-2.7585703342791543,-10.844958164604401,-3.0585135643334467,-15.927239753186695,-1.7655013854758375,162,-0.96205301881907,0.29994323005429235,True
30,1,reversion,0.5,long_only,0.18899868730202224,-1.8816088381368279,-0.3261161510371749,-5.1729155571437975,-0.25233756908755417,61,-0.7094087359499006,0.5151148383391971,True
30,1,reversion,0.5,neutral,-2.7807824006278206,-10.771467308631644,-3.1532853455813803,-16.118490596587343,-1.896806701548065,107,-0.9635773255073964,0.37250294495355973,True
30,1,momentum,0.0,long_only,1.1892057161487772,6.093558709554281,1.771367101239812,12.927606774012169,1.8696929069523187,113,-0.6178096792899972,-0.5821613850910348,True
30,1,momentum,0.0,neutral,-0.6594978763027987,-3.372012144216485,0.47735723862674656,0.9413436677703002,1.878908363474309,236,-0.4865170992109006,-1.1368551149295452,True
30,1,momentum,0.25,long_only,1.1171447302075443,5.436262719785145,1.6512931330733909,11.604539888697985,1.7254604638757194,86,-0.6233805691032033,-0.5341484028658465,True
30,1,momentum,0.25,neutral,-0.6246348587648336,-3.2005916434607373,0.47219077847833885,0.9005989134790671,1.7655013854758375,162,-0.5222821421673711,-1.0968256372431724,True
30,1,momentum,0.5,long_only,1.1635345237290284,5.848093963851286,1.6884664864010863,11.990430710284317,1.7388617478088508,58,-0.6753134131714106,-0.5249319626720579,True
30,1,momentum,0.5,neutral,-0.5478818217459628,-2.862349312466961,0.640903755585372,1.7734543268806968,1.896806701548065,107,-0.5047276947563679,-1.188785577331335,True
30,2,reversion,0.0,long_only,0.16400896594075495,-1.3307428123374487,-0.4238041325387944,-4.896631304554278,-0.31702841193120923,144,-0.6885577335455649,0.5878130984795493,True
30,2,reversion,0.0,neutral,-4.0500521486774055,-9.622594502747084,-3.8697156890993574,-10.995983933244158,-1.5956890334653253,259,-0.8865544824564681,-0.18033645957804811,True
30,2,reversion,0.25,long_only,0.21324542271077587,-1.046677117676842,-0.31718383793688615,-4.407224082136684,-0.2504930066928706,92,-0.6646471961706184,0.530429260647662,True
30,2,reversion,0.25,neutral,-3.896201163247321,-9.346996225212523,-3.6432376477863655,-10.639287700575473,-1.51580920860505,149,-0.8795069858460783,-0.2529635154609555,True
30,2,reversion,0.5,long_only,0.25986158810822857,-0.7553515817051659,-0.45466775155235334,-5.064278589282045,-0.4036125526118286,67,-0.6959233802586521,0.7145293396605819,True
30,2,reversion,0.5,neutral,-3.7855152566093992,-9.041303203023165,-3.759051227599123,-10.715292436884205,-1.6194671125778581,113,-0.8813898626109671,-0.026464029010276224,True
30,2,momentum,0.0,long_only,1.1970635550866706,5.429797282225168,0.9526092539591307,3.8422025600771015,1.063616932652464,172,-0.5328652391760841,0.24445430112753996,True
30,2,momentum,0.0,neutral,-1.2249544558098777,-3.240900742723918,-0.6802274495503506,-2.414605959378646,1.5956890334653253,259,-0.4441999008148681,-0.5447270062595271,True
30,2,momentum,0.25,long_only,1.195382761465314,5.426414001652313,1.0386095420186123,4.40308248695036,1.1014182168219564,94,-0.5383391604830771,0.15677321944670175,True
30,2,momentum,0.25,neutral,-1.1947013872093932,-3.1890583984301113,-0.6135390733833253,-2.2852157608573176,1.51580920860505,149,-0.4560422479432377,-0.581162313826068,True
30,2,momentum,0.5,long_only,1.1645284216473075,5.201930652025433,0.9734351139637524,3.9591988497311936,1.0229747556091722,74,-0.5559392937682602,0.19109330768355515,True
30,2,momentum,0.5,neutral,-1.2930799497981453,-3.390407265884654,-0.5215931884943388,-1.9694717809117468,1.6194671125778581,113,-0.47502159865656396,-0.7714867613038066,True
45,1,reversion,0.0,long_only,0.022216861557221187,-2.9860438397080413,-0.18985153444757624,-4.07254342689789,-0.04155783557782129,119,-0.5676717008024368,0.21206839600479743,True
45,1,reversion,0.0,neutral,-2.7334835371928206,-10.690513502708555,-2.9330520061906817,-15.032798839457639,-1.5850738448302228,193,-0.9523703780426364,0.19956846899786118,True
45,1,reversion,0.25,long_only,0.3159435050937411,-0.9275612183201054,-0.29344841597449717,-4.723717467554978,-0.21737200274295954,61,-0.6121417169555216,0.6093919210682383,True
45,1,reversion,0.25,neutral,-2.251178250949411,-9.095636641644289,-2.754690324341231,-14.394451692572375,-1.4953873289356914,113,-0.9463171989205492,0.5035120733918199,True
45,1,reversion,0.5,long_only,0.19345353131799223,-1.8703875119070346,-0.282659982310696,-4.777425237685618,-0.23376678567074397,40,-0.638161978277802,0.47611351362868826,True
45,1,reversion,0.5,neutral,-2.4115396989594458,-9.851941607263514,-2.6177497528935176,-13.91112071720828,-1.3997680633283418,79,-0.9395393969359652,0.20621005393407188,True
45,1,momentum,0.0,long_only,0.935280667086038,3.846131804168551,1.4608265631766038,9.483634067472057,1.5412139689995183,94,-0.764156512641451,-0.5255458960905658,True
45,1,momentum,0.0,neutral,-0.7236703266766337,-3.5298432696861393,0.23468478228903725,-0.2682680372155688,1.5850738448302228,193,-0.6620153796230787,-0.9583551089656709,True
45,1,momentum,0.25,long_only,0.8333381299617777,2.9747441440442612,1.2858011137496657,7.571314993885037,1.3368370472966178,60,-0.7814470613315233,-0.45246298378788796,True
45,1,momentum,0.25,neutral,-1.0096604040210564,-4.609440563395772,0.23648896901568475,-0.276441341112299,1.4953873289356914,113,-0.683459082757513,-1.2461493730367412,True
45,1,momentum,0.5,long_only,0.9596896663229758,4.075942857565251,1.2025136101923013,6.664820846881869,1.239876803798116,44,-0.7942237277123739,-0.2428239438693255,True
45,1,momentum,0.5,neutral,-0.6938294963321261,-3.53175858775433,0.18230043113640232,-0.5653974825430841,1.3997680633283418,79,-0.6977022063600602,-0.8761299274685284,True
45,2,reversion,0.0,long_only,0.30758145086112737,-0.4789760682555211,-0.1997249464202152,-3.5329687810853994,-0.10991465126078331,130,-0.5782251670789543,0.5073063972813425,True
45,2,reversion,0.0,neutral,-3.4006318206519905,-8.077316424245485,-3.481889025569932,-10.059006753051747,-1.2924923373072104,206,-0.8614406118136732,0.08125720491794164,True
45,2,reversion,0.25,long_only,0.3807331187831987,-0.018057944436289386,-0.0608671020763177,-2.715754727506736,-0.006653795505495676,76,-0.5525096948580016,0.4416002208595164,True
45,2,reversion,0.25,neutral,-3.207577956242283,-7.708569819531796,-3.022579657469303,-10.152997904126682,-1.1691998812830133,122,-0.8640685076102192,-0.1849982987729799,True
45,2,reversion,0.5,long_only,0.3809913153732129,-0.018544107443885238,-0.1776457498604226,-3.482760869146595,-0.1436481610584199,49,-0.5871470397687454,0.5586370652336355,True
45,2,reversion,0.5,neutral,-3.1580897201216866,-7.670955330224983,-3.1076725625275805,-9.27168280721762,-1.0618676886308067,80,-0.8394820057282231,-0.05041715759410614,True
45,2,momentum,0.0,long_only,0.8761546500352736,3.2183740928551474,0.9513524201120039,3.81015961281026,1.0183298402017984,103,-0.6302022361855801,-0.07519777007673034,True
45,2,momentum,0.0,neutral,-1.820983398454223,-4.5540795379118375,-0.8984175399869918,-3.0476321665342088,1.2924923373072104,206,-0.562436128028313,-0.9225658584672312,True
45,2,momentum,0.25,long_only,0.8777921493781681,3.232630206379694,0.854227009084477,3.145051202347937,0.8972009155399416,67,-0.6680735431933266,0.023565140293691056,True
45,2,momentum,0.25,neutral,-1.8065752067732634,-4.558969441432826,-1.0930416095036017,-3.61061146581263,1.02225474616519,122,-0.5816090455953676,-0.7135335972696617,True
45,2,momentum,0.5,long_only,0.9347009803010138,3.6183365224643715,0.7730461174655091,2.588460316459562,0.8049723338626712,47,-0.6923336365791385,0.16165486283550468,True
45,2,momentum,0.5,neutral,-1.6872651189598222,-4.3143388001789855,-0.9829576945554563,-3.3668398205744743,1.0618676886308067,80,-0.5958405502451322,-0.7043074244043659,True
60,1,reversion,0.0,long_only,-0.03234568472656091,-3.2569362848692385,-0.429196841669094,-5.54490744495979,-0.30198126367951283,101,-0.6753057922354686,0.3968511569425331,True
60,1,reversion,0.0,neutral,-2.6062074104742883,-10.112803560084371,-2.6601953553316537,-13.670115673201034,-1.3117955914147021,170,-0.9360595704756087,0.053987944857365466,True
60,1,reversion,0.25,long_only,-0.03531411648977277,-3.3136428565273657,-0.4365751576539992,-5.690984424789569,-0.3721927232785304,52,-0.7161602976058838,0.4012610411642264,True
60,1,reversion,0.25,neutral,-2.64386862754767,-10.332676600394198,-2.592573947436092,-13.527041361033177,-1.3347712809850933,94,-0.9353147948014037,-0.05129468011157812,True
60,1,reversion,0.5,long_only,-0.014279031118509783,-3.213817065633684,-0.43945601779106497,-5.730541874445006,-0.40289063657165225,30,-0.7045134288251166,0.4251769866725552,True
60,1,reversion,0.5,neutral,-2.6263106187088763,-10.323384974813077,-2.5705374822524227,-13.554002714796686,-1.3514592432777814,63,-0.9344488749212948,-0.05577313645645354,True
60,1,momentum,0.0,long_only,0.7906115698730288,2.624293442252723,1.015922643208715,4.684621934623201,1.0951167678809033,91,-0.8374622541216812,-0.22531107333568612,True
60,1,momentum,0.0,neutral,-0.7874715172897733,-3.705236093724096,-0.03755466886590245,-1.5822350340222169,1.3117955914147021,170,-0.6940145893996726,-0.7499168484238709,True
60,1,momentum,0.25,long_only,0.9222890629568243,3.7376817184529454,1.0317486239462048,4.835602930261129,1.0756851696269818,51,-0.8151138437209918,-0.10945956098938048,True
60,1,momentum,0.25,neutral,-0.5337212682408702,-2.8146856629899797,0.07737110457989378,-1.0498177024969024,1.3347712809850933,94,-0.7065879394569988,-0.611092372820764,True
60,1,momentum,0.5,long_only,0.9729796846174162,4.186092652875639,1.0436372598488817,4.951701193939573,1.0780169512898063,40,-0.8073312799999323,-0.07065757523146543,True
60,1,momentum,0.5,neutral,-0.46199250085853466,-2.5662810254372226,0.13342492585214094,-0.7919243297774603,1.3514592432777814,63,-0.6891239353285298,-0.5954174267106755,True
60,2,reversion,0.0,long_only,0.4463073499495563,0.43103940290734055,-0.515196149834525,-5.32235460063114,-0.4402347271696788,107,-0.7000930600084728,0.9615034997840812,True
60,2,reversion,0.0,neutral,-2.788621782524655,-6.663783774933208,-3.640728987592781,-10.411429528128402,-1.4464847142580626,191,-0.8711261249793758,0.8521072050681262,True
60,2,reversion,0.25,long_only,0.3114989663716425,-0.3804338116962902,-0.40155950908763544,-4.65393170039885,-0.358007522670393,61,-0.6937804848629029,0.7130584754592779,True
60,2,reversion,0.25,neutral,-2.940440276397455,-6.9598978070339985,-3.629929828282938,-10.527256159960963,-1.5412282386937717,99,-0.8753811985696275,0.6894895518854831,True
60,2,reversion,0.5,long_only,0.3289885550781118,-0.29676012848450783,-0.4056264951939537,-4.708444615932795,-0.37710013795036673,40,-0.6713655312443484,0.7346150502720655,True
60,2,reversion,0.5,neutral,-3.0201845004798495,-7.26695368103234,-3.7090839409112344,-10.685135336041862,-1.6410814357490688,65,-0.878743224816551,0.6888994404313848,True
60,2,momentum,0.0,long_only,0.571424552371587,1.2023573082415195,0.7615795106629931,2.505854085637327,0.8360236652135288,115,-0.6623029491207639,-0.19015495829140616,True
60,2,momentum,0.0,neutral,-2.3922374613454975,-5.791182510051252,-0.7497099374796493,-2.609035596900444,1.4464847142580626,191,-0.48340176303514737,-1.6425275238658483,True
60,2,momentum,0.25,long_only,0.6255485956501985,1.556594092217245,0.969736809029851,3.9601448608516776,1.0063555323303353,56,-0.6185142087258045,-0.34418821337965255,True
60,2,momentum,0.25,neutral,-2.0696453813295097,-5.049165220252694,-0.5447785106759527,-2.073073353557342,1.5412282386937717,99,-0.4728125881798724,-1.524866870653557,True
60,2,momentum,0.5,long_only,0.7383680376480902,2.2962552016660753,1.0469523969150092,4.496939332029837,1.0713905016234675,38,-0.5897137429539742,-0.30858435926691896,True
60,2,momentum,0.5,neutral,-1.849653089460282,-4.63253048692237,-0.42600148376159847,-1.7204273556632455,1.6410814357490688,65,-0.46067757373821694,-1.4236516056986837,True
90,1,reversion,0.0,long_only,0.23260436860160588,-1.516696373745019,-0.5052991409748543,-6.11310416977211,-0.4157750673804212,72,-0.7116420494570312,0.7379035095764601,True
90,1,reversion,0.0,neutral,-1.9514235563009856,-7.575174845425114,-3.0575320807515523,-15.903772020653207,-1.8138860545557025,116,-0.9622295206649742,1.1061085244505666,True
90,1,reversion,0.25,long_only,0.3309402533671787,-0.8325649370635846,-0.5116134628918603,-6.259536688395584,-0.4713326224123151,33,-0.719116122470565,0.842553716259039,True
90,1,reversion,0.25,neutral,-1.9085482373254674,-7.4465975888997065,-3.060254752857728,-16.145801697324437,-1.8866358865230577,55,-0.9631615981033507,1.1517065155322608,True
90,1,reversion,0.5,long_only,0.2156975083150475,-1.6474229269571983,-0.4868702107789929,-6.130894473040294,-0.4652660805415017,18,-0.7055159281838886,0.7025677190940404,True
90,1,reversion,0.5,neutral,-2.0789802679166187,-8.00564394865556,-3.0468132589812735,-15.995886887315303,-1.8846931403849077,37,-0.9621710481745369,0.9678329910646548,True
90,1,momentum,0.0,long_only,0.4702838738070554,0.09737763513475439,1.467933011787797,9.6360063394471,1.5096936815341857,50,-0.6861774826272954,-0.9976491379807415,True
90,1,momentum,0.0,neutral,-1.4045989215805077,-5.700113968190312,0.5711547476185476,1.4095192670408485,1.8138860545557025,116,-0.5579615078723776,-1.9757536691990554,True
90,1,momentum,0.25,long_only,0.6110854079892686,1.258201619840138,1.5495971450967732,10.560742234650288,1.5711387861472588,26,-0.6853076199393717,-0.9385117371075046,True
90,1,momentum,0.25,neutral,-1.2693882971989647,-5.246346892097764,0.7138826224166086,2.1626376526893143,1.8866358865230577,55,-0.5435925289130531,-1.9832709196155733,True
90,1,momentum,0.5,long_only,0.6673256363836737,1.6571604894515257,1.5442277593425477,10.495060381343112,1.5614548654966802,21,-0.6693979550812492,-0.876902122958874,True
90,1,momentum,0.5,neutral,-1.0488821669278283,-4.474946184686734,0.7217245631385565,2.1995803109634338,1.8846931403849077,37,-0.5305647251986967,-1.7706067300663848,True
90,2,reversion,0.0,long_only,0.48605354030793535,0.7037373197929409,-0.20493106845837183,-3.538389839901346,-0.13830180591658012,96,-0.6481241874991788,0.6909846087663072,True
90,2,reversion,0.0,neutral,-2.437070069156801,-5.662686251902027,-3.4293009124122262,-9.983164379313115,-1.284211775122762,162,-0.8596101536634279,0.9922308432554252,True
90,2,reversion,0.25,long_only,0.57528779059688,1.2505111107938394,-0.15570417537953246,-3.277787121376008,-0.12332991938288908,46,-0.6506234319432285,0.7309919659764124,True
90,2,reversion,0.25,neutral,-2.146853475235002,-5.167342430304589,-3.3405997361968165,-9.87808129518899,-1.2984995196399056,78,-0.8576645721276224,1.1937462609618144,True
90,2,reversion,0.5,long_only,0.4947350239019762,0.7587990951019696,-0.20646401105676027,-3.578392530437713,-0.18237337495711317,34,-0.6767140233424999,0.7011990349587365,True
90,2,reversion,0.5,neutral,-2.2327275073231,-5.263103177849471,-3.373696423349483,-9.927851888591753,-1.339901787895108,58,-0.8624923276424119,1.1409689160263827,True
90,2,momentum,0.0,long_only,0.3713536853741676,-0.017937018667013582,0.9194538398841912,3.601096591528119,0.9805541332629087,94,-0.5618185361242526,-0.5481001545100236,True
90,2,momentum,0.0,neutral,-2.7271041046931717,-6.279206558667094,-0.8593924162070002,-2.9621468939072138,1.284211775122762,162,-0.4975007194356317,-1.8677116884861715,True
90,2,momentum,0.25,long_only,0.3569049518403024,-0.12026669938691725,1.0022724350303849,4.172634228928729,1.0297580488453308,42,-0.5478699991550354,-0.6453674831900824,True
90,2,momentum,0.25,neutral,-2.7582597535632596,-6.42122508212164,-0.7450291577618493,-2.6756110614890694,1.2984995196399056,78,-0.4910224113578111,-2.01323059580141,True
90,2,momentum,0.5,long_only,0.3315345329710132,-0.2756713328316618,0.9861407585340068,4.0655739117401835,1.006647682228455,31,-0.5266388537541622,-0.6546062255629936,True
90,2,momentum,0.5,neutral,-2.6733976537401256,-6.2197305540646175,-0.6935013276328603,-2.518035894287707,1.339901787895108,58,-0.5100213506005475,-1.9798963261072653,True
120,1,reversion,0.0,long_only,0.12720346954452869,-2.234492699682955,-0.5984321087806114,-6.564711539709722,-0.5201044819676192,62,-0.7362464439774803,0.72563557832514,True
120,1,reversion,0.0,neutral,-2.3589458638649887,-8.829220064551158,-3.2793181308329538,-16.92977589989345,-2.0590490025005757,96,-0.9689123768221707,0.920372266967965,True
120,1,reversion,0.25,long_only,0.02870265776444465,-2.9548547736203967,-0.6148953512779657,-6.740373333468119,-0.5862552899566392,23,-0.7389654139671604,0.6435980090424104,True
120,1,reversion,0.25,neutral,-2.3217061651406503,-8.66732651015365,-3.097705826411033,-16.524268989914383,-1.952526672533892,40,-0.965307315166578,0.7759996612703826,True
120,1,reversion,0.5,long_only,0.31909491270942425,-0.7305068357768563,-0.6674398210160583,-7.182904559074221,-0.6482774533725796,16,-0.7647620932096563,0.9865347337254825,True
120,1,reversion,0.5,neutral,-1.9643662168846812,-7.476330744710669,-3.2432649544738705,-16.93328016637907,-2.094203373537777,28,-0.9692285849933089,1.2788987375891894,True
120,1,momentum,0.0,long_only,0.8273680178290193,2.9602307071130873,1.6697106749688828,11.936498932748796,1.7031962075150937,40,-0.6806501191270972,-0.8423426571398636,True
120,1,momentum,0.0,neutral,-0.8823788210144223,-3.8475432530109988,0.8381168914788807,2.8068394758529402,2.0590490025005757,96,-0.5310298122687682,-1.7204957124933031,True
120,1,momentum,0.25,long_only,0.750177110645379,2.3711124309642617,1.570406565087421,10.81249249757661,1.5869256710629707,20,-0.6748402438027175,-0.8202294544420421,True
120,1,momentum,0.25,neutral,-0.7842341517959727,-3.484215538033275,0.8076227900516468,2.6769939515587815,1.952526672533892,40,-0.5212307912613173,-1.5918569418476194,True
120,1,momentum,0.5,long_only,0.7132030294844989,2.0960920181148923,1.6398314833471377,11.631359194493962,1.6504036401129958,13,-0.6591108025677074,-0.9266284538626388,True
120,1,momentum,0.5,neutral,-1.112026716718956,-4.599028931471716,0.9452433664143642,3.397298420145156,2.094203373537777,28,-0.48248016788467235,-2.05727008313332,True
120,2,reversion,0.0,long_only,0.46619022517160996,0.6036849753606077,-0.33818851055006033,-4.257669820148713,-0.29106468846408995,66,-0.6644509736254066,0.8043787357216703,True
120,2,reversion,0.0,neutral,-2.432264660957438,-5.645958186814958,-3.423024635859531,-9.926312044190711,-1.288540005133962,144,-0.8582699079233997,0.990759974902093,True
120,2,reversion,0.25,long_only,0.5666740675052514,1.214452031277058,-0.1309949371457983,-3.1116107274757443,-0.10132137119863135,42,-0.6503956070336125,0.6976690046510496,True
120,2,reversion,0.25,neutral,-2.2300979684119664,-5.1972653384468215,-3.189064691850949,-9.450784157142689,-1.1497361529478696,67,-0.8437612153902636,0.9589667234389827,True
120,2,reversion,0.5,long_only,0.5429075078342176,1.061218617591475,-0.08982932603821514,-2.937275172810805,-0.07010411788014717,29,-0.6635888687516175,0.6327368338724327,True
120,2,reversion,0.5,neutral,-2.253777891621385,-5.269969806127683,-3.099241223867816,-9.283740019510523,-1.0933192580046744,45,-0.838339198221547,0.8454633322464309,True
120,2,momentum,0.0,long_only,0.3934892819122501,0.1797759165684143,0.7860243631748266,2.6763132114234534,0.8503956513997972,99,-0.5743073015259155,-0.3925350812625765,True
120,2,momentum,0.0,neutral,-2.5942886253394404,-5.989327858048011,-0.8460948250460615,-2.9095068524289225,1.288540005133962,144,-0.4939270541030599,-1.7481938002933788,True
120,2,momentum,0.25,long_only,0.41244923460436417,0.30452978964581323,0.8925342304993917,3.414160590880133,0.915330088220432,35,-0.5507894266224856,-0.48008499589502757,True
120,2,momentum,0.25,neutral,-2.6538475600271685,-6.113386506390817,-0.8987398434863466,-3.1005653256167442,1.1456639623828133,67,-0.49388494935804134,-1.755107716540822,True
120,2,momentum,0.5,long_only,0.3994082155329526,0.21604467659823712,0.8795208165133993,3.3257532524678224,0.8957817012153252,26,-0.5405914265617514,-0.4801126009804467,True
120,2,momentum,0.5,neutral,-2.50751016030514,-5.928014554564687,-0.9117773647250564,-3.177641973991241,1.0933192580046744,45,-0.49390907455906014,-1.5957327955800837,True
