a,b,family_a,family_b,cross_family,corr,agree_active,agree_all,redundant
voltarget,garch_voltarget,risk-overlay,risk-overlay,False,0.9927999890332425,1.0,1.0,True
atr_sized,garch_voltarget,risk-overlay,risk-overlay,False,0.9832963487041709,1.0,1.0,True
voltarget,atr_sized,risk-overlay,risk-overlay,False,0.977317666597261,1.0,1.0,True
bb_reversion,zscore,mean-reversion,mean-reversion,False,0.9643439446200353,0.9493670886075949,0.9852216748768473,True
sma_regime,garch_voltarget,regime-filter,risk-overlay,True,0.9585648014530617,1.0,1.0,True
sma_regime,atr_sized,regime-filter,risk-overlay,True,0.9539636863815013,1.0,1.0,True
sma_regime,voltarget,regime-filter,risk-overlay,True,0.9522117468770344,1.0,1.0,True
ma_crossover,ma_ribbon,trend,trend,False,0.8457459099635235,0.6022275258552108,0.6921182266009852,True
voltarget,vol_regime,risk-overlay,regime-filter,True,0.7684297170175106,0.514367816091954,0.791871921182266,False
breakout,bb_breakout,breakout,breakout,False,0.760929691602452,0.6996699669966997,0.8879310344827587,False
bb_breakout,keltner,breakout,breakout,False,0.7535904341463973,0.6622807017543859,0.9051724137931034,False
sma_regime,ichimoku,regime-filter,trend,True,0.7524621236451294,0.7275204359673024,0.8768472906403941,False
ichimoku,atr_sized,trend,risk-overlay,True,0.7482553903550783,0.7275204359673024,0.8768472906403941,False
vol_regime,garch_voltarget,regime-filter,risk-overlay,True,0.738653428223828,0.514367816091954,0.791871921182266,False
ma_ribbon,ichimoku,trend,trend,False,0.7253289092147158,0.45505171042163883,0.5782019704433498,False
ichimoku,garch_voltarget,trend,risk-overlay,True,0.7135831541815565,0.7275204359673024,0.8768472906403941,False
voltarget,ichimoku,risk-overlay,trend,True,0.7094866208711742,0.7275204359673024,0.8768472906403941,False
vol_regime,atr_sized,regime-filter,risk-overlay,True,0.705727738993859,0.514367816091954,0.791871921182266,False
keltner,adx_trend,breakout,regime-filter,True,0.6925248111844008,0.6044776119402985,0.9020935960591133,False
ma_crossover,ichimoku,trend,trend,False,0.6806002806672514,0.6633291614518148,0.8343596059113301,False
ts_momentum,sma_regime,momentum,regime-filter,True,0.666036328349289,0.686411149825784,0.833743842364532,False
breakout,keltner,breakout,breakout,False,0.6532452117849487,0.5389830508474577,0.8325123152709359,False
bb_reversion,grid,mean-reversion,mean-reversion,False,0.6407523298223674,0.5073446327683616,0.7315270935960592,False
breakout,ichimoku,breakout,trend,True,0.6357613452273204,0.6206415620641562,0.8325123152709359,False
breakout,ma_ribbon,breakout,trend,True,0.633879245489265,0.4693715194908512,0.5892857142857143,False
rsi,grid,oscillator-reversion,mean-reversion,True,0.626816233364533,0.30697674418604654,0.6330049261083743,False
ts_momentum,atr_sized,momentum,risk-overlay,True,0.6267135801708013,0.686411149825784,0.833743842364532,False
bb_reversion,vwap_reversion,mean-reversion,mean-reversion,False,0.6225623178465853,0.5741206030150754,0.791256157635468,False
ts_momentum,voltarget,momentum,risk-overlay,True,0.6214641834498575,0.686411149825784,0.833743842364532,False
zscore,grid,mean-reversion,mean-reversion,False,0.6184735512006365,0.480225988700565,0.7167487684729064,False
ts_momentum,garch_voltarget,momentum,risk-overlay,True,0.6179860252802543,0.686411149825784,0.833743842364532,False
sma_regime,vol_regime,regime-filter,regime-filter,False,0.6140362755217812,0.514367816091954,0.791871921182266,False
keltner,ichimoku,breakout,trend,True,0.6139676329615088,0.5110356536502547,0.8226600985221675,False
vwap_reversion,zscore,mean-reversion,mean-reversion,False,0.5979937532278957,0.5439698492462312,0.7764778325123153,False
ts_momentum,ichimoku,momentum,trend,True,0.5936985807236205,0.5961538461538461,0.7931034482758621,False
sma_regime,ma_ribbon,regime-filter,trend,True,0.589538954532812,0.5245901639344263,0.625,False
bb_breakout,adx_trend,breakout,regime-filter,True,0.5783698543399199,0.5009784735812133,0.8429802955665024,False
ma_ribbon,atr_sized,trend,risk-overlay,True,0.5775755288168336,0.5245901639344263,0.625,False
macd,dual_momentum,trend,momentum,True,0.5708381828414457,0.6514399205561072,0.7838669950738916,False
keltner,ma_ribbon,breakout,trend,True,0.5671438483464524,0.2529832935560859,0.42179802955665024,False
obv_trend,dual_momentum,volume-flow,momentum,True,0.5650085245944284,0.6353305785123967,0.7826354679802956,False
bb_breakout,dual_momentum,breakout,momentum,True,0.5622986299929473,0.5122549019607843,0.7549261083743842,False
bb_breakout,ichimoku,breakout,trend,True,0.5598744915271309,0.5240963855421686,0.8054187192118226,False
macd,obv_trend,trend,volume-flow,True,0.557774729201181,0.6415841584158416,0.7770935960591133,False
ma_crossover,sma_regime,trend,regime-filter,True,0.555161501666637,0.6037527593818984,0.7789408866995073,False
breakout,adx_trend,breakout,regime-filter,True,0.552975163652086,0.4672,0.7949507389162561,False
bb_reversion,stochastic,mean-reversion,oscillator-reversion,True,0.5513422993056891,0.5176282051282052,0.8146551724137931,False
adx_trend,ma_ribbon,regime-filter,trend,True,0.5504352559736176,0.24822695035460993,0.4125615763546798,False
breakout,sma_regime,breakout,regime-filter,True,0.5488448019801742,0.5663824604141291,0.7807881773399015,False
breakout,atr_sized,breakout,risk-overlay,True,0.5479172618164313,0.5663824604141291,0.7807881773399015,False
keltner,sma_regime,breakout,regime-filter,True,0.5478361486729778,0.4423897581792319,0.7586206896551724,False
adx_trend,ichimoku,regime-filter,trend,True,0.545931576436172,0.46416938110749184,0.7974137931034483,False
ma_ribbon,garch_voltarget,trend,risk-overlay,True,0.5432444239772081,0.5245901639344263,0.625,False
ma_crossover,atr_sized,trend,risk-overlay,True,0.5424458624622855,0.6037527593818984,0.7789408866995073,False
keltner,atr_sized,breakout,risk-overlay,True,0.5394183027024607,0.4423897581792319,0.7586206896551724,False
voltarget,ma_ribbon,risk-overlay,trend,True,0.5373818579222884,0.5245901639344263,0.625,False
ts_momentum,ma_ribbon,momentum,trend,True,0.5358235782401533,0.5437116564417178,0.6336206896551724,False
stochastic,vwap_reversion,oscillator-reversion,mean-reversion,True,0.5320147427454428,0.5102533172496985,0.75,False
bb_breakout,ma_ribbon,breakout,trend,True,0.5313664585840033,0.34789515488482925,0.4944581280788177,False
ma_crossover,ts_momentum,trend,momentum,True,0.5310610772141047,0.5993657505285412,0.7666256157635468,False
vwap_reversion,grid,mean-reversion,mean-reversion,False,0.5297747864549315,0.6037181996086106,0.750615763546798,False
bb_breakout,obv_trend,breakout,volume-flow,True,0.5273325634180948,0.4896969696969697,0.7407635467980296,False
ma_crossover,garch_voltarget,trend,risk-overlay,True,0.5220310957326775,0.6037527593818984,0.7789408866995073,False
bb_breakout,atr_sized,breakout,risk-overlay,True,0.5219034756991597,0.47724317295188556,0.7524630541871922,False
breakout,dual_momentum,breakout,momentum,True,0.5213134874705055,0.5515695067264574,0.7536945812807881,False
ma_crossover,voltarget,trend,risk-overlay,True,0.5208979058033538,0.6037527593818984,0.7789408866995073,False
zscore,ou_reversion,mean-reversion,mean-reversion,False,0.5171480504238392,0.33555555555555555,0.8158866995073891,False
stochastic,zscore,oscillator-reversion,mean-reversion,True,0.5145879720421374,0.48392282958199356,0.8023399014778325,False
breakout,garch_voltarget,breakout,risk-overlay,True,0.5006526111631802,0.5663824604141291,0.7807881773399015,False
ma_crossover,breakout,trend,breakout,True,0.5004212330434117,0.5359179019384265,0.749384236453202,False
bb_breakout,sma_regime,breakout,regime-filter,True,0.4995392597188021,0.47724317295188556,0.7524630541871922,False
bb_reversion,ou_reversion,mean-reversion,mean-reversion,False,0.4987085908982843,0.31856540084388185,0.8011083743842364,False
breakout,voltarget,breakout,risk-overlay,True,0.4954170401537883,0.5663824604141291,0.7807881773399015,False
stochastic,grid,oscillator-reversion,mean-reversion,True,0.4927829398258215,0.4489130434782609,0.687807881773399,False
rsi,zscore,oscillator-reversion,mean-reversion,True,0.47672269850852506,0.391812865497076,0.8078817733990148,False
keltner,voltarget,breakout,risk-overlay,True,0.4765988616035635,0.4423897581792319,0.7586206896551724,False
keltner,garch_voltarget,breakout,risk-overlay,True,0.47037973404124866,0.4423897581792319,0.7586206896551724,False
keltner,ts_momentum,breakout,momentum,True,0.46963220982181525,0.3858064516129032,0.7068965517241379,False
sma_regime,adx_trend,regime-filter,regime-filter,False,0.46498720304604696,0.3956343792633015,0.7272167487684729,False
ma_crossover,keltner,trend,breakout,True,0.46276221179373317,0.38174807197943444,0.7038177339901478,False
bb_breakout,voltarget,breakout,risk-overlay,True,0.4574371575337214,0.47724317295188556,0.7524630541871922,False
ma_crossover,adx_trend,trend,regime-filter,True,0.45732924161191635,0.384418901660281,0.7032019704433498,False
bb_breakout,garch_voltarget,breakout,risk-overlay,True,0.45510024985156855,0.47724317295188556,0.7524630541871922,False
rsi,bb_reversion,oscillator-reversion,mean-reversion,True,0.45499683544011915,0.3743016759776536,0.7931034482758621,False
keltner,dual_momentum,breakout,momentum,True,0.44553109134639807,0.3677736777367774,0.6834975369458128,False
breakout,obv_trend,breakout,volume-flow,True,0.4440753489912673,0.500544069640914,0.7173645320197044,False
breakout,ts_momentum,breakout,momentum,True,0.4218276363670591,0.48401323042998895,0.7118226600985221,False
ichimoku,vol_regime,trend,regime-filter,True,0.4195216135138056,0.3901345291479821,0.7487684729064039,False
ts_momentum,adx_trend,momentum,regime-filter,True,0.41489052670145593,0.36055276381909546,0.6865763546798029,False
adx_trend,atr_sized,regime-filter,risk-overlay,True,0.4136603981531822,0.3956343792633015,0.7272167487684729,False
keltner,obv_trend,breakout,volume-flow,True,0.4020696534364887,0.3450789793438639,0.6681034482758621,False
ma_crossover,bb_breakout,trend,breakout,True,0.3829969075459307,0.4016393442622951,0.6853448275862069,False
dual_momentum,adx_trend,momentum,regime-filter,True,0.3720698210190586,0.3345238095238095,0.6557881773399015,False
adx_trend,garch_voltarget,regime-filter,risk-overlay,True,0.3689725895821466,0.3956343792633015,0.7272167487684729,False
voltarget,adx_trend,risk-overlay,regime-filter,True,0.3600069099318847,0.3956343792633015,0.7272167487684729,False
macd,bb_breakout,trend,breakout,True,0.3598820469469665,0.3866525423728814,0.6434729064039408,False
bb_breakout,ts_momentum,breakout,momentum,True,0.35878382061557224,0.3874709976798144,0.6748768472906403,False
dual_momentum,atr_sized,momentum,risk-overlay,True,0.35058272278719627,0.46078431372549017,0.6613300492610837,False
rsi,stochastic,oscillator-reversion,oscillator-reversion,False,0.3493535282970828,0.30442477876106194,0.7580049261083743,False
ts_momentum,vol_regime,momentum,regime-filter,True,0.34646070019638575,0.3405535499398315,0.6625615763546798,False
obv_trend,adx_trend,volume-flow,regime-filter,True,0.33220890803905073,0.31448763250883394,0.6416256157635468,False
obv_trend,atr_sized,volume-flow,risk-overlay,True,0.3289503795902466,0.4501953125,0.6533251231527094,False
dual_momentum,ma_ribbon,momentum,trend,True,0.3278343279422588,0.5305970149253731,0.6126847290640394,False
sma_regime,dual_momentum,regime-filter,momentum,True,0.32288355638305627,0.46078431372549017,0.6613300492610837,False
dual_momentum,ichimoku,momentum,trend,True,0.32065747034418507,0.41995841995842,0.6564039408866995,False
obv_trend,sma_regime,volume-flow,regime-filter,True,0.3058623978194684,0.4501953125,0.6533251231527094,False
grid,ou_reversion,mean-reversion,mean-reversion,False,0.30473372498495394,0.16340621403912542,0.5523399014778325,False
dual_momentum,garch_voltarget,momentum,risk-overlay,True,0.30467271459272355,0.46078431372549017,0.6613300492610837,False
voltarget,dual_momentum,risk-overlay,momentum,True,0.3037509839839654,0.46078431372549017,0.6613300492610837,False
breakout,vol_regime,breakout,regime-filter,True,0.29630157628946713,0.31301939058171746,0.6945812807881774,False
ma_ribbon,vol_regime,trend,regime-filter,True,0.2916117780798856,0.2696540880503145,0.42795566502463056,False
vwap_reversion,ou_reversion,mean-reversion,mean-reversion,False,0.2910199701798266,0.17870722433460076,0.6009852216748769,False
ma_crossover,vol_regime,trend,regime-filter,True,0.28622248042253856,0.3086854460093897,0.6373152709359606,False
obv_trend,voltarget,volume-flow,risk-overlay,True,0.28420592399517375,0.4501953125,0.6533251231527094,False
bb_breakout,vol_regime,breakout,regime-filter,True,0.28409890739335425,0.29545454545454547,0.7327586206896551,False
obv_trend,garch_voltarget,volume-flow,risk-overlay,True,0.2822355607857744,0.4501953125,0.6533251231527094,False
obv_trend,ichimoku,volume-flow,trend,True,0.2710848133998136,0.39161554192229037,0.6336206896551724,False
ts_momentum,dual_momentum,momentum,momentum,False,0.25036020568451456,0.4365152919369787,0.625615763546798,False
obv_trend,ma_ribbon,volume-flow,trend,True,0.24977915776942133,0.4967081199707388,0.5763546798029556,False
rsi,vwap_reversion,oscillator-reversion,mean-reversion,True,0.24507763208235378,0.2372479240806643,0.604064039408867,False
keltner,vol_regime,breakout,regime-filter,True,0.24292970018292076,0.24953789279112754,0.75,False
macd,keltner,trend,breakout,True,0.2234991086521465,0.2560846560846561,0.5671182266009852,False
ts_momentum,obv_trend,momentum,volume-flow,True,0.21662933637247225,0.41743119266055045,0.6089901477832512,False
breakout,macd,breakout,trend,True,0.2163725105840367,0.3777148253068933,0.5942118226600985,False
rsi,ou_reversion,oscillator-reversion,mean-reversion,True,0.192248275489289,0.16246498599439776,0.8158866995073891,False
obv_trend,vol_regime,volume-flow,regime-filter,True,0.1814994196293294,0.2576754385964912,0.583128078817734,False
dual_momentum,vol_regime,momentum,regime-filter,True,0.181167449201473,0.2576419213973799,0.5812807881773399,False
stochastic,ou_reversion,oscillator-reversion,mean-reversion,True,0.15876923144641686,0.14285714285714285,0.7118226600985221,False
ma_crossover,dual_momentum,trend,momentum,True,0.15776650545511123,0.38854073410922113,0.5794334975369458,False
adx_trend,hurst_switch,regime-filter,regime-filter,False,0.15379881509280746,0.07736389684813753,0.8017241379310345,False
keltner,hurst_switch,breakout,regime-filter,True,0.1306715425943643,0.06997084548104957,0.8035714285714286,False
macd,adx_trend,trend,regime-filter,True,0.12629434907339646,0.22040816326530613,0.5295566502463054,False
ma_ribbon,hurst_switch,trend,regime-filter,True,0.11885101325321312,0.03486529318541997,0.25,False
ma_crossover,obv_trend,trend,volume-flow,True,0.11168311710541115,0.3645189761694616,0.5566502463054187,False
macd,atr_sized,trend,risk-overlay,True,0.10571581550463653,0.336464560204953,0.521551724137931,False
bb_breakout,hurst_switch,breakout,regime-filter,True,0.10305614305109895,0.056155507559395246,0.7309113300492611,False
ichimoku,hurst_switch,trend,regime-filter,True,0.09601924048277226,0.050761421319796954,0.6545566502463054,False
ma_crossover,hurst_switch,trend,regime-filter,True,0.0877415533194715,0.04539559014267185,0.5467980295566502,False
breakout,hurst_switch,breakout,regime-filter,True,0.07632875629645214,0.04582651391162029,0.6410098522167488,False
sma_regime,hurst_switch,regime-filter,regime-filter,False,0.07273929674533076,0.04341736694677871,0.5794334975369458,False
adx_trend,vol_regime,regime-filter,regime-filter,False,0.07006331882284506,0.1531986531986532,0.6902709359605911,False
macd,voltarget,trend,risk-overlay,True,0.06600163474494733,0.336464560204953,0.521551724137931,False
macd,vol_regime,trend,regime-filter,True,0.06085736980487869,0.20886699507389161,0.5055418719211823,False
macd,garch_voltarget,trend,risk-overlay,True,0.0569799809597967,0.336464560204953,0.521551724137931,False
hurst_switch,atr_sized,regime-filter,risk-overlay,True,0.0568176064582359,0.04341736694677871,0.5794334975369458,False
voltarget,hurst_switch,risk-overlay,regime-filter,True,0.055003279030505406,0.04341736694677871,0.5794334975369458,False
macd,sma_regime,trend,regime-filter,True,0.053814952369957154,0.336464560204953,0.521551724137931,False
rsi,hurst_switch,oscillator-reversion,regime-filter,True,0.04911692233366094,0.043333333333333335,0.8232758620689655,False
hurst_switch,garch_voltarget,regime-filter,risk-overlay,True,0.04550280703114152,0.04341736694677871,0.5794334975369458,False
ts_momentum,hurst_switch,momentum,regime-filter,True,0.04466768044434819,0.037371134020618556,0.5400246305418719,False
zscore,hurst_switch,mean-reversion,regime-filter,True,0.04361140283335993,0.03958333333333333,0.7161330049261084,False
dual_momentum,hurst_switch,momentum,regime-filter,True,0.04351694880575228,0.03690036900369004,0.5178571428571429,False
bb_reversion,hurst_switch,mean-reversion,regime-filter,True,0.03720044438530481,0.037698412698412696,0.7013546798029556,False
ou_reversion,hurst_switch,mean-reversion,regime-filter,True,0.030293742724341658,0.03626943005181347,0.8854679802955665,False
obv_trend,hurst_switch,volume-flow,regime-filter,True,0.030205833340237055,0.0345679012345679,0.5184729064039408,False
rsi,macd,oscillator-reversion,trend,True,0.02922428812223249,0.1525940996948118,0.4870689655172414,False
macd,ichimoku,trend,trend,False,0.028233477105169894,0.2820284697508897,0.5030788177339901,False
hurst_switch,vol_regime,regime-filter,regime-filter,False,0.027771878722057313,0.035623409669211195,0.7666256157635468,False
macd,hurst_switch,trend,regime-filter,True,-0.0015865235863189923,0.02914798206278027,0.4667487684729064,False
vwap_reversion,hurst_switch,mean-reversion,regime-filter,True,-0.00363369523487673,0.02857142857142857,0.5184729064039408,False
grid,hurst_switch,mean-reversion,regime-filter,True,-0.005332206384961457,0.021348314606741574,0.46366995073891626,False
stochastic,hurst_switch,oscillator-reversion,regime-filter,True,-0.01799708235351845,0.023529411764705882,0.6933497536945813,False
macd,ts_momentum,trend,momentum,True,-0.04339851407116984,0.31260096930533116,0.47598522167487683,False
macd,ma_ribbon,trend,trend,False,-0.07680259765696348,0.45119453924914676,0.5049261083743842,False
ts_momentum,ou_reversion,momentum,mean-reversion,True,-0.09476455963680709,0.05587892898719441,0.500615763546798,False
ou_reversion,vol_regime,mean-reversion,regime-filter,True,-0.09865095003847402,0.028282828282828285,0.7038177339901478,False
macd,grid,trend,mean-reversion,True,-0.13924486210388207,0.3009781790820166,0.42795566502463056,False
voltarget,ou_reversion,risk-overlay,mean-reversion,True,-0.14848739194394894,0.030413625304136254,0.5092364532019704,False
ou_reversion,garch_voltarget,mean-reversion,risk-overlay,True,-0.15370873924288794,0.030413625304136254,0.5092364532019704,False
ma_crossover,vwap_reversion,trend,mean-reversion,True,-0.15594878821555977,0.24271844660194175,0.4236453201970443,False
keltner,ou_reversion,breakout,mean-reversion,True,-0.15798980816003627,0.0,0.7112068965517241,False
adx_trend,ou_reversion,regime-filter,mean-reversion,True,-0.1607648088645327,0.0,0.7056650246305419,False
stochastic,vol_regime,oscillator-reversion,regime-filter,True,-0.1610791701477566,0.07087628865979381,0.5560344827586207,False
ou_reversion,atr_sized,mean-reversion,risk-overlay,True,-0.16123034473312656,0.030413625304136254,0.5092364532019704,False
sma_regime,ou_reversion,regime-filter,mean-reversion,True,-0.1701626834865614,0.030413625304136254,0.5092364532019704,False
ichimoku,ou_reversion,trend,mean-reversion,True,-0.1783821270004397,0.018309859154929577,0.5708128078817734,False
ma_crossover,ou_reversion,trend,mean-reversion,True,-0.18016149673587678,0.031818181818181815,0.4753694581280788,False
zscore,vol_regime,mean-reversion,regime-filter,True,-0.19315531460708796,0.05345501955671447,0.5529556650246306,False
bb_breakout,ou_reversion,breakout,mean-reversion,True,-0.19518102180494035,0.0,0.6360837438423645,False
ma_crossover,macd,trend,trend,False,-0.19568368193319566,0.25076923076923074,0.4002463054187192,False
vwap_reversion,vol_regime,mean-reversion,regime-filter,True,-0.1983908154807924,0.10174418604651163,0.4291871921182266,False
bb_reversion,vol_regime,mean-reversion,regime-filter,True,-0.20744162493289367,0.051833122629582805,0.5381773399014779,False
rsi,adx_trend,oscillator-reversion,regime-filter,True,-0.21290271801109623,0.003395585738539898,0.6385467980295566,False
rsi,vol_regime,oscillator-reversion,regime-filter,True,-0.21416265606991253,0.008103727714748784,0.6231527093596059,False
ma_crossover,stochastic,trend,oscillator-reversion,True,-0.21593505037557187,0.12947658402203857,0.41625615763546797,False
rsi,keltner,oscillator-reversion,breakout,True,-0.2174074793354283,0.0,0.6416256157635468,False
ts_momentum,zscore,momentum,mean-reversion,True,-0.21922894356141606,0.120817843866171,0.41748768472906406,False
macd,ou_reversion,trend,mean-reversion,True,-0.2372171338193976,0.02512562814070352,0.4027093596059113,False
breakout,ou_reversion,breakout,mean-reversion,True,-0.24185375615435423,0.0,0.5437192118226601,False
bb_reversion,ts_momentum,mean-reversion,momentum,True,-0.2461612914786901,0.11818181818181818,0.4027093596059113,False
ma_ribbon,ou_reversion,trend,mean-reversion,True,-0.2461849652138251,0.04451038575667656,0.20689655172413793,False
dual_momentum,ou_reversion,momentum,mean-reversion,True,-0.2537694987138859,0.015037593984962405,0.4353448275862069,False
rsi,dual_momentum,oscillator-reversion,momentum,True,-0.25398083309817887,0.0527363184079602,0.41379310344827586,False
rsi,bb_breakout,oscillator-reversion,breakout,True,-0.26858576802461664,0.0,0.5665024630541872,False
rsi,obv_trend,oscillator-reversion,volume-flow,True,-0.27468016192263295,0.04568023833167825,0.4082512315270936,False
ts_momentum,vwap_reversion,momentum,mean-reversion,True,-0.2783254025554927,0.19455252918287938,0.3626847290640394,False
obv_trend,ou_reversion,volume-flow,mean-reversion,True,-0.28153365997728697,0.007502679528403001,0.42980295566502463,False
ts_momentum,stochastic,momentum,oscillator-reversion,True,-0.2939562977352183,0.10026857654431513,0.3811576354679803,False
zscore,voltarget,mean-reversion,risk-overlay,True,-0.29534833449262976,0.07403936269915651,0.3916256157635468,False
ma_crossover,zscore,trend,mean-reversion,True,-0.29995550709695235,0.09132007233273057,0.3811576354679803,False
stochastic,voltarget,oscillator-reversion,risk-overlay,True,-0.3031930243144075,0.07051282051282051,0.375,False
ma_crossover,bb_reversion,trend,mean-reversion,True,-0.30395065042857,0.09714795008912656,0.3762315270935961,False
zscore,garch_voltarget,mean-reversion,risk-overlay,True,-0.3050974964904263,0.07403936269915651,0.3916256157635468,False
stochastic,ichimoku,oscillator-reversion,trend,True,-0.30529396188142055,0.059837728194726165,0.4291871921182266,False
keltner,zscore,breakout,mean-reversion,True,-0.3055020859704543,0.0,0.5270935960591133,False
stochastic,garch_voltarget,oscillator-reversion,risk-overlay,True,-0.3094970889837336,0.07051282051282051,0.375,False
zscore,adx_trend,mean-reversion,regime-filter,True,-0.3108680555457478,0.0,0.521551724137931,False
stochastic,adx_trend,oscillator-reversion,regime-filter,True,-0.31174307694604125,0.0037641154328732747,0.5110837438423645,False
keltner,stochastic,breakout,oscillator-reversion,True,-0.3163259930291597,0.0,0.5129310344827587,False
zscore,sma_regime,mean-reversion,regime-filter,True,-0.3165391217283886,0.07403936269915651,0.3916256157635468,False
bb_reversion,keltner,mean-reversion,breakout,True,-0.3167978475675777,0.0,0.5123152709359606,False
vwap_reversion,ma_ribbon,mean-reversion,trend,True,-0.3172893449948199,0.33420707732634336,0.37438423645320196,False
bb_reversion,voltarget,mean-reversion,risk-overlay,True,-0.31756772014317436,0.07241063244729606,0.3768472906403941,False
stochastic,atr_sized,oscillator-reversion,risk-overlay,True,-0.32139599206043895,0.07051282051282051,0.375,False
bb_reversion,adx_trend,mean-reversion,regime-filter,True,-0.3223622207408935,0.0,0.5067733990147784,False
rsi,ichimoku,oscillator-reversion,trend,True,-0.324879758566582,0.0,0.4852216748768473,False
bb_reversion,garch_voltarget,mean-reversion,risk-overlay,True,-0.3273443205836298,0.07241063244729606,0.3768472906403941,False
zscore,atr_sized,mean-reversion,risk-overlay,True,-0.3322356038410695,0.07403936269915651,0.3916256157635468,False
rsi,breakout,oscillator-reversion,breakout,True,-0.3328114395838846,0.0,0.47413793103448276,False
vwap_reversion,voltarget,mean-reversion,risk-overlay,True,-0.3390180287151253,0.14252517428350117,0.3183497536945813,False
bb_reversion,sma_regime,mean-reversion,regime-filter,True,-0.3397747193411856,0.07241063244729606,0.3768472906403941,False
vwap_reversion,garch_voltarget,mean-reversion,risk-overlay,True,-0.3440952556488369,0.14252517428350117,0.3183497536945813,False
stochastic,sma_regime,oscillator-reversion,regime-filter,True,-0.3442895308944494,0.07051282051282051,0.375,False
rsi,voltarget,oscillator-reversion,risk-overlay,True,-0.34808149632078694,0.005235602094240838,0.41502463054187194,False
macd,stochastic,trend,oscillator-reversion,True,-0.3480879475176284,0.10271158586688578,0.3275862068965517,False
rsi,garch_voltarget,oscillator-reversion,risk-overlay,True,-0.3522181576330072,0.005235602094240838,0.41502463054187194,False
rsi,atr_sized,oscillator-reversion,risk-overlay,True,-0.35257757282670776,0.005235602094240838,0.41502463054187194,False
bb_reversion,atr_sized,mean-reversion,risk-overlay,True,-0.35393142743588485,0.07241063244729606,0.3768472906403941,False
vwap_reversion,ichimoku,mean-reversion,trend,True,-0.3570643478365241,0.11193415637860082,0.3355911330049261,False
rsi,sma_regime,oscillator-reversion,regime-filter,True,-0.3646983839350003,0.005235602094240838,0.41502463054187194,False
grid,vol_regime,mean-reversion,regime-filter,True,-0.3652264763624215,0.059130434782608696,0.33374384236453203,False
zscore,ichimoku,mean-reversion,trend,True,-0.37011325455884964,0.03024193548387097,0.40763546798029554,False
stochastic,ma_ribbon,oscillator-reversion,trend,True,-0.3710256151650813,0.17050067658998647,0.24507389162561577,False
vwap_reversion,sma_regime,mean-reversion,regime-filter,True,-0.37323965718095287,0.14252517428350117,0.3183497536945813,False
bb_breakout,zscore,breakout,mean-reversion,True,-0.3774180752397227,0.0,0.45197044334975367,False
vwap_reversion,adx_trend,mean-reversion,regime-filter,True,-0.3776060624937706,0.03171641791044776,0.3608374384236453,False
macd,zscore,trend,mean-reversion,True,-0.3800963670694971,0.08470394736842106,0.3146551724137931,False
bb_reversion,ichimoku,mean-reversion,trend,True,-0.3883349059778505,0.02952755905511811,0.39285714285714285,False
bb_breakout,stochastic,breakout,oscillator-reversion,True,-0.3907899583013174,0.0,0.437807881773399,False
rsi,ts_momentum,oscillator-reversion,momentum,True,-0.39110696241328513,0.005917159763313609,0.3793103448275862,False
bb_reversion,bb_breakout,mean-reversion,breakout,True,-0.3913728886309648,0.0,0.437192118226601,False
vwap_reversion,atr_sized,mean-reversion,risk-overlay,True,-0.39587839111490697,0.14252517428350117,0.3183497536945813,False
macd,bb_reversion,trend,mean-reversion,True,-0.40635227017767617,0.08393866020984665,0.30110837438423643,False
ma_crossover,rsi,trend,oscillator-reversion,True,-0.40834508206074155,0.000980392156862745,0.3725369458128079,False
stochastic,obv_trend,oscillator-reversion,volume-flow,True,-0.40892210425428077,0.06677937447168217,0.32019704433497537,False
obv_trend,grid,volume-flow,mean-reversion,True,-0.42878811403778205,0.17617689015691868,0.28879310344827586,False
grid,adx_trend,mean-reversion,regime-filter,True,-0.43001914217580706,0.00935374149659864,0.28263546798029554,False
breakout,zscore,breakout,mean-reversion,True,-0.43906216053459796,0.009708737864077669,0.37192118226600984,False
keltner,grid,breakout,mean-reversion,True,-0.44436228238766806,0.0,0.2746305418719212,False
breakout,stochastic,breakout,oscillator-reversion,True,-0.44478661263389035,0.01334604385128694,0.3626847290640394,False
breakout,bb_reversion,breakout,mean-reversion,True,-0.45679819504201435,0.009487666034155597,0.35714285714285715,False
bb_reversion,ma_ribbon,mean-reversion,trend,True,-0.4626959966333042,0.154,0.2185960591133005,False
zscore,ma_ribbon,mean-reversion,trend,True,-0.4634123783247479,0.1402805611222445,0.20751231527093597,False
grid,dual_momentum,mean-reversion,momentum,True,-0.4659407363513538,0.16560958421423538,0.270935960591133,False
keltner,vwap_reversion,breakout,mean-reversion,True,-0.47378613349174936,0.0,0.32450738916256155,False
rsi,ma_ribbon,oscillator-reversion,trend,True,-0.49652347233576233,0.04536082474226804,0.14470443349753695,False
breakout,vwap_reversion,breakout,mean-reversion,True,-0.5074487267298543,0.06619937694704049,0.2616995073891626,False
obv_trend,zscore,volume-flow,mean-reversion,True,-0.5192392168571036,0.02481389578163772,0.27401477832512317,False
zscore,dual_momentum,mean-reversion,momentum,True,-0.5229716804836622,0.02471169686985173,0.270935960591133,False
stochastic,dual_momentum,oscillator-reversion,momentum,True,-0.5293902924342258,0.02924451665312754,0.2641625615763547,False
ts_momentum,grid,momentum,mean-reversion,True,-0.5315290560141943,0.13562895291637386,0.24261083743842365,False
bb_breakout,grid,breakout,mean-reversion,True,-0.5333268194090439,0.005413766434648105,0.20812807881773399,False
bb_reversion,obv_trend,mean-reversion,volume-flow,True,-0.5400637727206157,0.025162337662337664,0.2604679802955665,False
bb_reversion,dual_momentum,mean-reversion,momentum,True,-0.5439339890985607,0.025060630557801132,0.25738916256157635,False
bb_breakout,vwap_reversion,breakout,mean-reversion,True,-0.5742236852177045,0.0032921810699588477,0.2543103448275862,False
voltarget,grid,risk-overlay,mean-reversion,True,-0.5774128359518378,0.08205841446453407,0.18719211822660098,False
grid,garch_voltarget,mean-reversion,risk-overlay,True,-0.5829851314791685,0.08205841446453407,0.18719211822660098,False
grid,atr_sized,mean-reversion,risk-overlay,True,-0.6055575701285801,0.08205841446453407,0.18719211822660098,False
sma_regime,grid,regime-filter,mean-reversion,True,-0.6066449484813736,0.08205841446453407,0.18719211822660098,False
macd,vwap_reversion,trend,mean-reversion,True,-0.607520887336818,0.11577522004062288,0.1958128078817734,False
breakout,grid,breakout,mean-reversion,True,-0.6481217340426698,0.02112676056338028,0.1440886699507389,False
grid,ichimoku,mean-reversion,trend,True,-0.6527082894178184,0.009873060648801129,0.1354679802955665,False
vwap_reversion,obv_trend,mean-reversion,volume-flow,True,-0.6595959808714166,0.07618393960192175,0.17118226600985223,False
ma_crossover,grid,trend,mean-reversion,True,-0.6610957286972874,0.09404600811907984,0.17549261083743842,False
vwap_reversion,dual_momentum,mean-reversion,momentum,True,-0.6728041976452748,0.07372013651877134,0.1644088669950739,False
grid,ma_ribbon,mean-reversion,trend,True,-0.7563225459404277,0.3100247524752475,0.31342364532019706,False
